tf	gene	mi	pvalue	category
CHCHD3	MDH2	0.36632858006115093	0.0	TCGA only up
CHCHD3	MCM3	0.41911389986451586	0.001526822204491296	Concordant up
CHCHD3	MSH2	0.4676044702515864	7.471405856662727E-6	TCGA only up
CHCHD3	MSH6	0.5065372867392055	0.0	Concordant up
FOXM1	TICRR	0.4370581615284841	0.0	Concordant up
CHCHD3	NOL7	0.37194376689436476	0.0	TCGA only up
FOXM1	DNAJA3	0.4576579974314085	0.0	TCGA only up
CHCHD3	PFKP	0.33678702614046246	4.734947474105411E-7	Concordant up
CHCHD3	PPIF	0.34315078230470686	0.019601786741922922	TCGA only up
CHCHD3	PLK1	0.435257853334536	0.001526822204491296	Concordant up
E2F7	HELLS	0.4528711226176315	0.0	Concordant up
FOXM1	TOP2A	0.5330667123673494	0.0	Concordant up
ZNF232	VPS72	0.41132875706346567	0.0	Concordant up
CHCHD3	TPX2	0.4002875248882246	7.471405856662727E-6	Concordant up
VEZF1	FANCI	0.5362527360791187	0.019601786741922922	Concordant up
HMGA1	RRP12	0.3546909504694708	0.019601786741922922	TCGA only up
HMGA1	RRP15	0.36743381170405676	1.1052263205435509E-4	TCGA only up
CHCHD3	LSM12	0.4269134881862624	2.132859222570005E-9	TCGA only up
CHCHD3	XPO5	0.4316087987124239	0.0	Concordant up
FOXM1	C1QBP	0.3646784917550046	0.001526822204491296	TCGA only up
FOXM1	BUB1B	0.5159579418658853	0.0	TCGA only up
CHCHD3	MAGOH	0.3712658468151853	4.734947474105411E-7	Concordant up
HMGA1	ABCF1	0.4216920753589491	0.0	TCGA only up
ZNF232	NVL	0.43193611880147614	4.734947474105411E-7	TCGA only up
HMGA1	SHMT2	0.361630047075761	0.0	Concordant up
CHCHD3	GPI	0.28258030802407763	7.471405856662727E-6	Concordant up
ZNF232	EHMT2	0.41716710481092867	1.1052263205435509E-4	TCGA only up
CHCHD3	NCL	0.4402772877670691	1.1052263205435509E-4	TCGA only up
CHCHD3	RAN	0.391137027881448	2.132859222570005E-9	TCGA only up
CHCHD3	SET	0.4481648964471535	0.0	TCGA only up
CHCHD3	PBK	0.3817528547595935	0.0	Concordant up
CHCHD3	PHB	0.3961747260065272	0.0	TCGA only up
FOXM1	CHERP	0.58414771735711	0.0	TCGA only up
FOXM1	CKAP5	0.5036463941323199	0.0	Concordant up
HMGA1	AHSA1	0.3657240933445204	0.0	TCGA only up
HMGA1	SNRPE	0.3511224094182606	4.734947474105411E-7	TCGA only up
HMGA1	ZNF639	0.3667016020977259	1.1052263205435509E-4	TCGA only up
FOXM1	USP13	0.432136115927845	0.001526822204491296	Concordant up
HMGA1	SSRP1	0.44504856274166227	0.0	TCGA only up
HMGA1	STMN1	0.3389678800113069	4.734947474105411E-7	Concordant up
HMGA1	STIP1	0.3977541996043272	0.0	TCGA only up
VEZF1	YLPM1	0.620469878845901	0.019601786741922922	TCGA only down
HMGA1	AURKB	0.3926874312349103	0.0	Concordant up
HMGA1	AURKA	0.3677253299806971	1.1052263205435509E-4	Concordant up
CHCHD3	NAT10	0.4013857568980259	2.7727169893410064E-8	TCGA only up
HMGA1	CACYBP	0.3251545900551723	0.019601786741922922	Concordant up
CENPA	GTSE1	0.4044383753774727	0.0	Concordant up
CHCHD3	NOL11	0.4508830751560814	4.734947474105411E-7	TCGA only up
CHCHD3	NOP56	0.3473083703963591	0.0	TCGA only up
CENPA	CKAP2L	0.4385083132582041	0.0	Concordant up
CENPA	SERBP1	0.4081014034147474	0.0	TCGA only up
HMGA1	TRAP1	0.35693375113920034	1.1052263205435509E-4	TCGA only up
E2F7	CKAP2L	0.48738286317095003	0.0	Concordant up
FOXM1	DNMT1	0.5986633324056638	0.0	Concordant up
FOXM1	CKAP2L	0.5216782200790617	0.0	Concordant up
HMGA1	C1QBP	0.34394156819029914	2.132859222570005E-9	TCGA only up
HMGA1	SNRPA1	0.3480881284356697	0.0	Concordant up
FOXM1	WBP11	0.6381407423650405	0.0	TCGA only up
CENPA	HMGB3	0.38237143633116655	0.0	Concordant up
CENPA	HMGB2	0.38265495864810034	0.0	Concordant up
HMGA1	UBE2T	0.35985680937139497	7.471405856662727E-6	Concordant up
FOXM1	WDHD1	0.4876921374000233	1.1052263205435509E-4	TCGA only up
CENPA	HSPE1	0.28417580524422686	7.471405856662727E-6	TCGA only up
CENPA	HSPD1	0.39148044148294975	2.7727169893410064E-8	TCGA only up
CHCHD3	EIF2S2	0.38276974115314144	0.001526822204491296	TCGA only up
HMGA1	TTLL12	0.39633633582881683	0.0	TCGA only up
E2F7	KIFC1	0.41402581723309323	0.019601786741922922	Concordant up
E2F7	KIF23	0.4929830514995497	0.0	Concordant up
E2F7	KIF4A	0.461335664280753	0.0	Concordant up
CENPA	ANLN	0.3483235142593973	4.734947474105411E-7	Concordant up
CHCHD3	GTF3C2	0.4070576975479806	0.0	TCGA only up
CENPA	CKS2	0.4879697090459936	0.0	Concordant up
HMGA1	WRNIP1	0.33915398593324936	0.0	TCGA only up
CENPA	CYCS	0.3280666336179968	0.0	Concordant up
CENPA	DKC1	0.4728259560289386	0.0	Concordant up
HMGA1	UTP18	0.3952519845646801	7.471405856662727E-6	TCGA only up
CENPA	CBX3	0.3991113328563875	0.0	TCGA only up
CENPA	CCT3	0.37489420601529583	1.1052263205435509E-4	Concordant up
CENPA	CCT4	0.3992061758633046	0.0	TCGA only up
CENPA	CCT8	0.3690258464436059	1.1052263205435509E-4	TCGA only up
CENPA	CDK2	0.4300172558993405	0.0	Concordant up
CENPA	ECT2	0.41831751994400784	0.0	Concordant up
HMGA1	MAPK13	0.3580337520500187	0.0	TCGA only up
CENPA	HDGF	0.37046347060868506	1.1052263205435509E-4	Concordant up
CENPA	GMNN	0.42026854589229296	0.0	Concordant up
E2F7	KPNA4	0.4593907575117498	0.001526822204491296	METABRIC only up
CENPA	GPN1	0.4601300672712328	0.0	Concordant up
E2F7	BLM	0.48335149384998766	0.0	Concordant up
E2F7	DEK	0.5446824999037926	0.0	Concordant up
CENPA	LYAR	0.33412413939039803	2.132859222570005E-9	Concordant up
CENPA	NPM1	0.34955655250308987	4.734947474105411E-7	TCGA only up
CHCHD3	PAICS	0.35334258213747277	2.7727169893410064E-8	TCGA only up
CENPA	NASP	0.3677232321986971	1.1052263205435509E-4	TCGA only up
CHCHD3	PDAP1	0.3976905301002756	0.019601786741922922	TCGA only up
HMGA1	PPP1R14C	0.26487385583182693	0.019601786741922922	Concordant up
CENPA	PCNA	0.40533735606291194	0.0	Concordant up
CENPA	PLK1	0.4262701971385481	0.0	Concordant up
FOXM1	FANCI	0.5440160367980285	2.7727169893410064E-8	Concordant up
CENPA	SLBP	0.3843668478866267	0.019601786741922922	TCGA only up
HMGA1	CCDC86	0.39344143603427895	0.0	Concordant up
CENPA	RCC1	0.37340017251223595	0.0	Concordant up
FOXM1	TIMELESS	0.5827927380011002	0.0	Concordant up
CHCHD3	PDHA1	0.324470414833737	1.1052263205435509E-4	METABRIC only up
CENPA	USP1	0.4263095887608122	0.019601786741922922	Concordant up
CENPA	TCF3	0.382627794039215	4.734947474105411E-7	TCGA only up
CHCHD3	PGAM1	0.3496014864413164	0.019601786741922922	TCGA only up
ZNF232	HDAC2	0.43497148682679615	2.132859222570005E-9	Concordant up
CENPA	TPX2	0.5301330925268359	0.0	Concordant up
VEZF1	YEATS2	0.5333314556281197	2.132859222570005E-9	Concordant up
CENPA	VRK1	0.3552522223049961	0.019601786741922922	Concordant up
FOXM1	FKBP5	0.4394650158022865	0.0	TCGA only down
FOXM1	FKBP4	0.5197132347805717	0.0	TCGA only up
CHCHD3	PNPT1	0.4005243240019504	0.019601786741922922	TCGA only up
HMGA1	VPS72	0.3402983251995139	0.001526822204491296	Concordant up
CHCHD3	PSMA7	0.3715142660462132	2.7727169893410064E-8	TCGA only up
CHCHD3	PRPF4	0.40497590991631194	0.0	TCGA only up
HMGA1	HSP90AA1	0.37867448824922234	0.0	TCGA only up
FOXM1	ATXN2L	0.545369088789753	2.132859222570005E-9	TCGA only up
FOXM1	GAPDH	0.42197087602887295	0.0	Concordant up
CENPA	DCUN1D5	0.32589836278736634	0.019601786741922922	Concordant up
HMGA1	WDR74	0.3833014772551102	0.0	TCGA only up
HMGA1	WDR46	0.4333843732113602	0.0	TCGA only up
E2F7	CDK2	0.4611371548372588	7.471405856662727E-6	Concordant up
E2F7	DHX9	0.5472699725170048	0.001526822204491296	TCGA only up
HMGA1	EHMT2	0.4065997347661873	0.0	TCGA only up
E2F7	GMNN	0.4230555452030171	2.132859222570005E-9	Concordant up
HMGA1	EIF5B	0.3150186513224372	1.1052263205435509E-4	TCGA only up
E2F7	MDC1	0.5255078671362062	4.734947474105411E-7	TCGA only up
E2F7	MKI67	0.5005701000091857	0.0	Concordant up
E2F7	MSH6	0.528263774115706	0.0	Concordant up
E2F7	MSH2	0.5089664522811704	0.001526822204491296	TCGA only up
FOXM1	GTSE1	0.5230875424420217	0.0	Concordant up
E2F7	RMI1	0.5479791559370002	0.0	TCGA only up
E2F7	SMC4	0.5572434282065889	0.0	Concordant up
CENPA	KIF4A	0.478345384512115	0.0	Concordant up
CENPA	KIF23	0.4510686182366817	0.0	Concordant up
CENPA	KIF2C	0.46926209051989887	0.0	Concordant up
CENPA	KIFC1	0.4371770028478465	0.0	Concordant up
E2F7	TMPO	0.553441078222146	0.0	TCGA only up
E2F7	USP1	0.5428447322192708	0.0	Concordant up
CHCHD3	RBM28	0.5226662675785494	0.0	Concordant up
CENPA	KPNA2	0.43258318090107883	0.0	Concordant up
CHCHD3	ELAVL1	0.4442772098416806	4.734947474105411E-7	TCGA only up
HMGA1	PAK1IP1	0.3888072527702817	2.132859222570005E-9	Concordant up
CHCHD3	MRPL39	0.3406823719553038	0.019601786741922922	TCGA only up
CHCHD3	MRPL47	0.37170366338110933	0.0	TCGA only up
E2F7	NCAPG	0.529664631986547	0.0	Concordant up
E2F7	NCBP1	0.5304553619190968	0.0	TCGA only up
HMGA1	FKBP4	0.40359794456002307	0.0	TCGA only up
E2F7	HNRNPA2B1	0.4703096647078174	1.1052263205435509E-4	TCGA only up
CHCHD3	RRP12	0.39176178615322316	0.0	TCGA only up
FOXM1	SLC25A5	0.3965783911731466	0.001526822204491296	TCGA only up
FOXM1	HMGB2	0.43051878336947286	0.0	Concordant up
HMGA1	XRCC6	0.3936579669440782	4.734947474105411E-7	TCGA only up
HMGA1	EBNA1BP2	0.42219065678667017	0.0	TCGA only up
HMGA1	SLC25A5	0.3879663090797391	7.471405856662727E-6	TCGA only up
CENPA	SNRNP40	0.3777982842054039	7.471405856662727E-6	TCGA only up
CHCHD3	SENP3	0.4047809609529075	0.0	TCGA only up
CHCHD3	SF3A3	0.4521330755966943	4.734947474105411E-7	TCGA only up
CHCHD3	MAGOHB	0.33249656676618167	0.019601786741922922	TCGA only up
ZNF232	KDM1A	0.388627400422932	4.734947474105411E-7	TCGA only up
HMGA1	FH	0.33868736447255604	0.0	Concordant up
CHCHD3	ALDH18A1	0.37700916961893166	7.471405856662727E-6	TCGA only up
CENPA	MASTL	0.3735948031758213	0.0	Concordant up
HMGA1	TIMELESS	0.4104623027971524	2.7727169893410064E-8	Concordant up
CHCHD3	SSBP1	0.3722482911308674	0.0	TCGA only up
CENPA	MKI67	0.3756681148372289	7.471405856662727E-6	Concordant up
CHCHD3	MTHFD2	0.40292444150503415	0.0	Concordant up
ZNF232	GATAD2A	0.40462382411805414	0.019601786741922922	Concordant up
CENPA	EIF4A3	0.39462532819393326	0.0	TCGA only up
CENPA	MRTO4	0.3565867085603719	1.1052263205435509E-4	TCGA only up
CHCHD3	BAZ1B	0.48397871006344684	7.471405856662727E-6	TCGA only up
CENPA	RACGAP1	0.4281544594036549	0.0	Concordant up
CENPA	MYBL2	0.3697760041679209	0.0	TCGA only up
CENPA	GTF3C2	0.4328044352562792	0.0	TCGA only up
HMGA1	HMGB3	0.3314698090561008	0.001526822204491296	Concordant up
ZNF232	HNRNPD	0.402986730480202	4.734947474105411E-7	TCGA only up
CENPA	NCAPH	0.4077636596738119	0.0	TCGA only up
CENPA	NCAPG	0.4207090710701436	0.0	Concordant up
HMGA1	HSPD1	0.37349381907784596	0.0	TCGA only up
E2F7	POLA1	0.5221012341899428	0.0	TCGA only up
E2F7	POLD3	0.5200593331433809	0.0	TCGA only up
E2F7	PSIP1	0.4698755275051757	0.0	TCGA only up
HMGA1	STOML2	0.36317606454532175	0.0	TCGA only up
CHCHD3	BUD31	0.4084997602864929	0.0	TCGA only up
E2F7	NUP153	0.5512436309594115	0.0	Concordant up
CENPA	NOLC1	0.4414289085148191	0.001526822204491296	Concordant up
CENPA	NOP58	0.4071101627053553	0.0	Concordant up
CHCHD3	CDCA2	0.39100453974013477	0.0	Concordant up
FOXM1	KDM2B	0.4489373395578455	0.001526822204491296	Concordant up
FOXM1	NCL	0.448178837306685	0.001526822204491296	TCGA only up
FOXM1	RAN	0.40679592675969656	0.001526822204491296	TCGA only up
FOXM1	PBK	0.4071621659649617	0.0	Concordant up
FOXM1	SET	0.4724874439374755	2.132859222570005E-9	TCGA only up
FOXM1	BLM	0.4852831230426761	0.0	Concordant up
FOXM1	KIFC1	0.47326181516394356	0.0	Concordant up
FOXM1	KIF4A	0.5929713909879205	0.0	Concordant up
FOXM1	KIF23	0.5023655328083468	0.0	Concordant up
FOXM1	KIF2C	0.5159155539131102	0.0	Concordant up
CHCHD3	CKAP5	0.4745906559962245	2.7727169893410064E-8	Concordant up
CHCHD3	HSP90AB1	0.39362936698795187	1.1052263205435509E-4	TCGA only up
HMGA1	NCL	0.40795314399744503	0.0	TCGA only up
HMGA1	RAN	0.3813997701390453	0.0	TCGA only up
HMGA1	PHB	0.38076340373350737	1.1052263205435509E-4	TCGA only up
CHCHD3	UTP18	0.4218527188672779	0.0	TCGA only up
FOXM1	CCT4	0.463200851354612	0.019601786741922922	TCGA only up
FOXM1	CCT5	0.46015286241458125	0.0	TCGA only up
FOXM1	CDK2	0.5299858786666384	0.0	Concordant up
FOXM1	CKS2	0.37560448744816705	7.471405856662727E-6	Concordant up
FOXM1	KPNA2	0.45961099001589856	0.0	Concordant up
FOXM1	FEN1	0.47559908123285605	0.0	Concordant up
E2F7	SNRNP40	0.44571914866716633	0.0	TCGA only up
FOXM1	DAXX	0.3685526349244684	0.001526822204491296	TCGA only up
CHCHD3	CPSF3	0.41536667119336074	1.1052263205435509E-4	Concordant up
FOXM1	DKC1	0.5043067547295674	0.0	Concordant up
ZNF232	MRTO4	0.35062737241029135	0.019601786741922922	TCGA only up
FOXM1	ECT2	0.5232722538471433	0.0	Concordant up
CHCHD3	CSTF3	0.42268820594368	0.019601786741922922	Concordant up
FOXM1	HDGF	0.38765822531484656	0.0	Concordant up
FOXM1	ILF3	0.5396839517964587	7.471405856662727E-6	TCGA only up
FOXM1	NASP	0.3754609603961584	0.0	TCGA only up
FOXM1	NDE1	0.5547133604527905	0.0	TCGA only up
FOXM1	NONO	0.5258704483398277	0.0	TCGA only up
FOXM1	MDC1	0.5089191273770134	0.0	TCGA only up
E2F7	INCENP	0.5100268040964077	0.0	Concordant up
FOXM1	MSH2	0.4879560982416767	1.1052263205435509E-4	TCGA only up
FOXM1	MSH6	0.5343110777985753	0.001526822204491296	Concordant up
FOXM1	MTA2	0.4606279070163249	0.019601786741922922	TCGA only up
FOXM1	PHB2	0.48967604740290543	0.0	TCGA only up
FOXM1	PLK1	0.4862349730570818	0.0	Concordant up
FOXM1	INCENP	0.5608060586046691	0.0	Concordant up
FOXM1	RCC2	0.44963388491972145	0.001526822204491296	Concordant up
FOXM1	TPX2	0.5271265324261685	0.0	Concordant up
HMGA1	DCUN1D5	0.35597083259322104	0.0	Concordant up
FOXM1	TMPO	0.4766026445609536	1.1052263205435509E-4	TCGA only up
FOXM1	VRK1	0.4435283642438372	0.0	Concordant up
E2F7	RBBP4	0.5095583957243373	0.0	TCGA only up
FOXM1	LMNB2	0.4651507356510985	7.471405856662727E-6	Concordant up
CHCHD3	DNMT1	0.45356038547684524	7.471405856662727E-6	Concordant up
ZNF232	NOL11	0.4441269129622868	0.0	TCGA only up
CHCHD3	SYNCRIP	0.46283368747005094	7.471405856662727E-6	Concordant up
CENPA	PAICS	0.41367440172731446	2.7727169893410064E-8	TCGA only up
CHCHD3	SRSF12	0.3459786651908072	0.0	Concordant up
CENPA	PDCD5	0.3437623715799832	2.132859222570005E-9	Concordant up
CHCHD3	HNRNPU	0.4342842248363768	0.001526822204491296	TCGA only up
CHCHD3	HNRNPD	0.37970537724088876	2.132859222570005E-9	TCGA only up
CENPA	RAD51AP1	0.3699738882466694	0.019601786741922922	Concordant up
CENPA	ELAVL1	0.4344148067645391	0.0	TCGA only up
CENPA	PNPT1	0.3807867407608638	0.0	TCGA only up
CHCHD3	WDHD1	0.42603343189868725	1.1052263205435509E-4	TCGA only up
CENPA	PPM1G	0.43701074258312383	0.0	Concordant up
CHCHD3	EBNA1BP2	0.4048498324109855	0.0	TCGA only up
FOXM1	MKI67	0.4922253645777094	0.0	Concordant up
HMGA1	KHSRP	0.3485996088494007	7.471405856662727E-6	TCGA only up
HMGA1	KIFC1	0.41376065076411517	0.0	Concordant up
HMGA1	KIF22	0.42550807251799383	0.0	TCGA only up
CHCHD3	LRPPRC	0.44168051604897796	0.0	TCGA only up
CHCHD3	LRRC59	0.43781019041481317	0.0	TCGA only up
CHCHD3	NDUFAF4	0.38579551085023983	0.019601786741922922	Concordant up
E2F7	STMN1	0.36994476829379735	2.7727169893410064E-8	Concordant up
ZNF232	PARP1	0.4510222878126226	0.0	Concordant up
FOXM1	MAGOHB	0.39494600625239834	1.1052263205435509E-4	TCGA only up
ZNF232	PCBP4	0.30550116738229777	0.0	TCGA only up
FOXM1	NCAPG	0.5005462458220425	0.0	Concordant up
FOXM1	NCAPH	0.5321581600762756	0.0	TCGA only up
CENPA	WRNIP1	0.3196438731397264	7.471405856662727E-6	TCGA only up
ZNF232	PELP1	0.4709045771049872	0.0	TCGA only up
E2F7	TCF20	0.5822210815799583	0.019601786741922922	TCGA only up
E2F7	TCF19	0.4723761797472978	7.471405856662727E-6	TCGA only up
FOXM1	NOP58	0.45651027828120355	0.019601786741922922	Concordant up
FOXM1	NOLC1	0.5341509192456145	0.0	Concordant up
ZNF232	PNPT1	0.40905015603602135	1.1052263205435509E-4	TCGA only up
FOXM1	KIF20B	0.48549887175506035	0.0	Concordant up
CENPA	RBM28	0.36056414936967396	2.7727169893410064E-8	Concordant up
CENPA	RBM17	0.3403572823486485	0.0	TCGA only up
ZNF232	PRPF3	0.4183120453359116	0.019601786741922922	TCGA only up
E2F7	TOP2A	0.5317056577606096	0.0	Concordant up
ZNF232	PSIP1	0.40456179043763374	0.001526822204491296	TCGA only up
ZNF232	PTBP1	0.3989557510811931	2.7727169893410064E-8	TCGA only up
CENPA	MTHFD2	0.38867908659835926	0.0	Concordant up
VEZF1	CEP290	0.524512967275833	0.019601786741922922	TCGA only down
ZNF232	AATF	0.35502495334641965	0.019601786741922922	TCGA only up
ZNF232	BMS1	0.4334685438420233	0.0	TCGA only up
ZNF232	CCT4	0.39558634792135283	0.019601786741922922	TCGA only up
ZNF232	CCT3	0.40358288718547913	0.0	Concordant up
ZNF232	CCT2	0.4665420951682386	0.0	TCGA only up
E2F7	BUB1B	0.492205532731314	2.7727169893410064E-8	TCGA only up
ZNF232	DKC1	0.40141233328983517	0.019601786741922922	Concordant up
VEZF1	PTPN11	0.6361540019685555	0.0	TCGA only down
CENPA	RRP1B	0.38077419024881015	7.471405856662727E-6	Concordant up
ZNF232	GNL3	0.4329910688150101	0.001526822204491296	TCGA only up
FOXM1	RACGAP1	0.5116268347595196	0.0	Concordant up
ZNF232	ILF3	0.44337310593305	0.0	TCGA only up
CHCHD3	PAK1IP1	0.4227288217356934	7.471405856662727E-6	Concordant up
ZNF232	NONO	0.4488129428909253	0.0	TCGA only up
ZNF232	MSH6	0.4149264689135649	0.019601786741922922	Concordant up
CHCHD3	DNAJA3	0.3877545164265466	4.734947474105411E-7	TCGA only up
E2F7	UHRF1	0.42565229700251916	0.0	Concordant up
FOXM1	PRRC2A	0.4632084014911379	0.001526822204491296	TCGA only up
ZNF232	TCF3	0.4013373078881167	0.0	TCGA only up
HMGA1	MRTO4	0.3841719735350177	0.0	TCGA only up
CHCHD3	SLC25A4	0.3112236410266412	0.019601786741922922	TCGA only down
HMGA1	MYBL2	0.3441511268407631	0.0	TCGA only up
E2F7	CSRP2	0.3536889314331722	4.734947474105411E-7	Concordant up
CENPA	AHSA1	0.3421316157890383	7.471405856662727E-6	TCGA only up
FOXM1	PARP1	0.4828968971042235	0.0	Concordant up
FOXM1	PAICS	0.40081118311895847	0.0	TCGA only up
CENPA	SSBP1	0.31601291746641896	1.1052263205435509E-4	TCGA only up
CENPA	SSRP1	0.41206032158886835	0.0	TCGA only up
CENPA	SUMO2	0.4001521683542482	4.734947474105411E-7	TCGA only up
VEZF1	SYNE2	0.5665891013321641	0.001526822204491296	TCGA only down
CENPA	AURKA	0.4901569960215152	0.0	Concordant up
CENPA	AURKB	0.43287675202372694	0.0	Concordant up
HMGA1	CIAPIN1	0.3386937055563357	2.7727169893410064E-8	TCGA only up
FOXM1	POLD1	0.46299393890129176	0.019601786741922922	Concordant up
FOXM1	POLD3	0.5595327292865433	0.0	TCGA only up
CENPA	FBXO45	0.42743363306606397	0.0	TCGA only up
ZNF232	MYBBP1A	0.43225667729058587	0.0	TCGA only up
HMGA1	NOP58	0.3710448173183964	2.7727169893410064E-8	Concordant up
HMGA1	NOP56	0.3638889620195202	2.132859222570005E-9	TCGA only up
HMGA1	NOLC1	0.40008029455128663	0.0	Concordant up
ZNF232	RRP12	0.35627685719661306	2.7727169893410064E-8	TCGA only up
ZNF232	RRP15	0.41912463793279175	0.0	TCGA only up
FOXM1	PRPF4	0.46692603801945043	0.0	TCGA only up
CHCHD3	MPHOSPH10	0.3629571233310013	1.1052263205435509E-4	TCGA only up
CENPA	TEX10	0.40828318841158784	0.001526822204491296	Concordant up
CHCHD3	HSPD1	0.39305485256430983	0.0	TCGA only up
CHCHD3	HSPA6	0.2579505358708553	0.019601786741922922	TCGA only up
HMGA1	ABT1	0.41951735414629404	0.0	TCGA only up
E2F7	DNMT1	0.49484415822919625	0.001526822204491296	Concordant up
CENPA	TICRR	0.3595066029549565	0.0	Concordant up
HMGA1	CMAS	0.33665623856169385	0.0	Concordant up
HMGA1	CCT2	0.3918624591580964	0.0	TCGA only up
HMGA1	CCT5	0.3919226664996869	0.0	TCGA only up
HMGA1	CCT4	0.391285537042495	0.0	TCGA only up
HMGA1	CCT3	0.4003674350393055	0.0	Concordant up
CENPA	ALYREF	0.35414513165582545	0.0	Concordant up
HMGA1	BTF3	0.34277578735525377	2.132859222570005E-9	Concordant down
HMGA1	BAG6	0.3983924804916452	0.0	TCGA only up
HMGA1	AHCY	0.36398832181942015	0.0	TCGA only up
HMGA1	DKC1	0.39899994335105826	0.0	Concordant up
HMGA1	DAXX	0.40164029136246737	0.0	TCGA only up
HMGA1	CTTN	0.3060783255547859	7.471405856662727E-6	TCGA only up
HMGA1	GMNN	0.3829816966621369	0.0	Concordant up
HMGA1	GNL3	0.3754914169568647	0.0	TCGA only up
HMGA1	GPN1	0.3731546335798794	0.0	Concordant up
HMGA1	FEN1	0.42756337964116053	0.0	Concordant up
HMGA1	HMBS	0.3502372427745739	0.019601786741922922	TCGA only up
HMGA1	HDGF	0.3989232624003725	0.0	Concordant up
CENPA	TRMT6	0.3488675828332717	2.7727169893410064E-8	TCGA only up
ZNF232	SCNM1	0.34607455441735685	0.001526822204491296	Concordant up
HMGA1	MTA2	0.3939314568691903	0.001526822204491296	TCGA only up
HMGA1	MCM3	0.37096619836626854	1.1052263205435509E-4	Concordant up
HMGA1	MDH2	0.36390971273496586	0.0	TCGA only up
ZNF232	SENP3	0.3924674550752879	0.0	TCGA only up
HMGA1	PLK1	0.4412840311141545	0.0	Concordant up
HMGA1	PPIF	0.34852682280950376	0.0	TCGA only up
E2F7	WDHD1	0.5152413772315396	0.0	TCGA only up
HMGA1	PRCC	0.38286035667075663	0.001526822204491296	TCGA only up
CENPA	BRIX1	0.35280638568995604	0.0	Concordant up
HMGA1	PCNA	0.36371237537419027	2.132859222570005E-9	Concordant up
HMGA1	PES1	0.35351700061669705	2.7727169893410064E-8	TCGA only up
ZNF232	ABCF1	0.43078090421668874	7.471405856662727E-6	TCGA only up
HMGA1	NOL7	0.40964753964103523	0.0	TCGA only up
HMGA1	RTKN	0.3599844007085377	0.0	Concordant up
E2F7	PTPN11	0.5349867661604568	0.0	TCGA only down
HMGA1	RCC1	0.3674944595361814	0.0	Concordant up
CENPA	BUB1B	0.4025656401775163	1.1052263205435509E-4	TCGA only up
HMGA1	SLU7	0.3516489508168152	4.734947474105411E-7	TCGA only down
ZNF232	FH	0.3599987700722041	0.001526822204491296	Concordant up
HMGA1	SLBP	0.3591786124185787	1.1052263205435509E-4	TCGA only up
ZNF232	AHSA1	0.33743421107082594	1.1052263205435509E-4	TCGA only up
ZNF232	SNRPE	0.36290470315285506	0.019601786741922922	TCGA only up
HMGA1	XPO5	0.40376062835320997	0.019601786741922922	Concordant up
CENPA	UBE2T	0.3551364286550726	7.471405856662727E-6	Concordant up
CENPA	HNRNPD	0.3887393647097075	0.0	TCGA only up
ZNF232	STMN1	0.3924464959738368	0.0	Concordant up
E2F7	HNRNPL	0.5209725298990349	1.1052263205435509E-4	TCGA only up
CHCHD3	SERBP1	0.45438032167146064	0.0	TCGA only up
FOXM1	HNRNPD	0.42111180536258974	1.1052263205435509E-4	TCGA only up
CENPA	CDCA2	0.36284032288233414	0.0	Concordant up
ZNF232	AURKB	0.3970205895423807	0.0	Concordant up
CENPA	CKAP5	0.42099975792226546	0.019601786741922922	Concordant up
HMGA1	UBE2E3	0.3603401207308213	0.019601786741922922	METABRIC only up
HMGA1	PAICS	0.31847609011520894	2.7727169893410064E-8	TCGA only up
CENPA	CPSF3	0.3928163944523477	0.0	Concordant up
HMGA1	UTP14A	0.38425006980285936	7.471405856662727E-6	TCGA only up
HMGA1	PFDN2	0.3250590583700696	0.019601786741922922	TCGA only up
E2F7	FANCI	0.5380694629285491	0.0	Concordant up
HMGA1	MPHOSPH10	0.36094534561737135	7.471405856662727E-6	TCGA only up
HMGA1	POLD3	0.39338360753658025	7.471405856662727E-6	TCGA only up
HMGA1	POLD2	0.37406805893390843	0.001526822204491296	TCGA only up
HMGA1	PPME1	0.34187578609774577	0.0	TCGA only up
CENPA	NCL	0.35386655943597395	0.001526822204491296	TCGA only up
CENPA	PBK	0.38296908523224926	0.0	Concordant up
CENPA	DSP	0.3515379077563498	0.001526822204491296	Concordant up
ZNF232	NDUFAF4	0.3613464029082348	0.019601786741922922	Concordant up
CENPA	RAN	0.4178742252445473	0.0	TCGA only up
HMGA1	PSMA7	0.3655886037049534	0.0	TCGA only up
ZNF232	C1QBP	0.4363362829894263	0.0	TCGA only up
HMGA1	PUF60	0.38973202010640534	2.132859222570005E-9	Concordant up
CHCHD3	RANBP1	0.3670957004125823	2.132859222570005E-9	Concordant up
FOXM1	SF3A3	0.48339092546484086	2.132859222570005E-9	TCGA only up
CHCHD3	KIF4A	0.4497601035488624	0.0	Concordant up
CHCHD3	KIF22	0.4084699341050413	0.019601786741922922	TCGA only up
CHCHD3	EEF1A1	0.4195108100070081	7.471405856662727E-6	TCGA only down
ZNF232	CHTOP	0.39097313222670915	0.0	TCGA only up
FOXM1	SSRP1	0.5233926679658008	0.0	TCGA only up
HMGA1	EIF1AD	0.37792080452417537	0.019601786741922922	TCGA only up
CHCHD3	KPNA2	0.41662986162138443	7.471405856662727E-6	Concordant up
CENPA	WDR43	0.3861890340420221	0.019601786741922922	Concordant up
HMGA1	EIF4G1	0.3648868438837369	0.001526822204491296	TCGA only up
HMGA1	EIF4A3	0.3677728099864724	4.734947474105411E-7	TCGA only up
HMGA1	EIF2S2	0.3674323440932883	1.1052263205435509E-4	TCGA only up
E2F7	CHAF1B	0.4152252768987319	4.734947474105411E-7	Concordant up
FOXM1	STIP1	0.4084762007492996	2.132859222570005E-9	TCGA only up
ZNF232	CPSF3	0.3742657166504581	1.1052263205435509E-4	Concordant up
FOXM1	RAD51AP1	0.78609640700069	0.0	Concordant up
CENPA	HNRNPA2B1	0.3885374404952993	0.0	TCGA only up
FOXM1	AURKA	0.4231828498878786	0.0	Concordant up
CHCHD3	ABT1	0.3570255531429973	0.019601786741922922	TCGA only up
CHCHD3	AHCY	0.3915725238445203	0.019601786741922922	TCGA only up
E2F7	GTSE1	0.4804577952233576	0.0	Concordant up
CHCHD3	BMS1	0.4207567617705726	0.001526822204491296	TCGA only up
CHCHD3	CALU	0.3995376763220503	0.0	Concordant up
CHCHD3	CCT4	0.4112229074926088	0.0	TCGA only up
CHCHD3	CCT2	0.425561751294077	2.132859222570005E-9	TCGA only up
CHCHD3	CCT8	0.37979048723301245	0.0	TCGA only up
CHCHD3	CKS2	0.34895220764838564	0.0	Concordant up
CHCHD3	DAXX	0.41348125856599044	0.019601786741922922	TCGA only up
CHCHD3	DKC1	0.44035454004474406	0.0	Concordant up
FOXM1	TCF19	0.4786457465168616	0.001526822204491296	TCGA only up
CENPA	CHRAC1	0.2946377635744754	0.019601786741922922	TCGA only up
CHCHD3	GNL3	0.40929381901399514	1.1052263205435509E-4	TCGA only up
CHCHD3	GPN1	0.4425131201041356	0.001526822204491296	Concordant up
HMGA1	RCOR2	0.3112224686725343	0.001526822204491296	Concordant up
