gene	log2FoldChange	lfcSE	stat	pvalue	padj	is_kbhb
ANLN	4.51284767400177	0.112282870629533	40.1917732304112	0	0	TRUE
AURKA	3.83979823537284	0.0835828818908228	45.9400076727247	0	0	TRUE
AURKB	4.67944343982183	0.115228902154744	40.6099802420895	0	0	TRUE
GTSE1	4.08950458048036	0.102799439368162	39.7813899143395	0	0	TRUE
KIF2C	4.53929113976629	0.0997964155164345	45.4855128440837	0	0	TRUE
KIF4A	4.69256944032176	0.109422013622839	42.8850583621712	0	0	TRUE
KIFC1	4.21827234398778	0.0986873562139528	42.7437972382463	0	0	TRUE
NCAPH	3.65404115106379	0.092665980550203	39.4323907152115	0	0	TRUE
PLK1	4.49454701145896	0.0990468009867523	45.378012885647	0	0	TRUE
TPX2	4.62045876229309	0.0972782849453327	47.4973295930293	0	0	TRUE
UBE2T	3.9633921340566	0.0993651561516533	39.8871424104399	0	0	TRUE
KIF23	3.50821898541486	0.0917126040108225	38.2523102822473	3.80726986685265e-320	1.30613170397175e-317	TRUE
CKAP2L	4.19865811324699	0.110199851475941	38.100397205741	1.26192369811317e-317	4.24083623069525e-315	TRUE
KPNA2	2.79806849774114	0.073821648927541	37.9030885707736	2.28905435008448e-314	7.2488188428533e-312	TRUE
MYBL2	4.93594596292069	0.13066095863315	37.7767468917712	2.73754501908002e-312	8.50550072248879e-310	TRUE
NCAPG	3.9350544808034	0.105171743654027	37.415510517237	2.18635347799658e-306	6.42905048610172e-304	TRUE
CBX2	3.88686777265826	0.104644634280379	37.1434980817459	5.58268364685679e-302	1.50705002643919e-299	TRUE
CDCA2	4.41546714983022	0.119592692562502	36.9208774818962	2.13712167654911e-298	5.41415117657449e-296	TRUE
HMGB3	2.91274506690301	0.0790851565933657	36.8304899727208	6.00398593718442e-297	1.49799449132751e-294	TRUE
CKS2	3.45448515735998	0.0966606997718414	35.7382593496009	1.00687924981717e-279	2.18161586930781e-277	TRUE
PBK	4.1961869486213	0.121419877219798	34.5593081190918	1.03305106905791e-261	1.80970765469963e-259	TRUE
TICRR	3.25226966961681	0.0945225253896884	34.4073505887477	1.95765500095725e-259	3.32337163925392e-257	TRUE
BUB1B	3.70118683797214	0.10852963483961	34.1030064594054	6.65680097943792e-255	1.08532219533073e-252	TRUE
UBE2S	3.3781961022326	0.100380626517706	33.6538654860529	2.73729912424995e-248	4.29927258318275e-246	TRUE
STMN1	2.87765357166249	0.0860930261150118	33.4249323263214	5.95547368132909e-245	8.99713624866478e-243	TRUE
RACGAP1	2.32744241792947	0.0696652573542173	33.4089402138493	1.01674948900409e-244	1.52207398503912e-242	TRUE
RAD51AP1	3.39248602699961	0.105290928738485	32.2201168481063	9.22662232848651e-228	1.24536713019006e-225	TRUE
MKI67	4.01513358679862	0.125454082602412	32.0048060892793	9.34824088678651e-225	1.24143131195737e-222	TRUE
HDGF	1.96761015635103	0.0621437738032917	31.6622251261929	5.14775021079223e-220	6.47083990237524e-218	TRUE
TK1	3.65291395459329	0.117486544245851	31.0921899868742	3.07136119933146e-212	3.53679055030707e-210	TRUE
TOP2A	3.92534093446098	0.126287906582187	31.082476863344	4.15531302983528e-212	4.75177358765955e-210	TRUE
FEN1	2.25519398478331	0.0730709168691047	30.8630859090374	3.73911605818745e-209	4.16027190068735e-207	TRUE
UHRF1	3.8354301766533	0.124381104859094	30.8361159920414	8.59974733851562e-209	9.37828075651237e-207	TRUE
BLM	2.92730043795997	0.0996345520539235	29.3803743542268	9.78348413018009e-190	9.15367233929975e-188	TRUE
RCOR2	3.85030580901499	0.133901168996585	28.754833418319	7.88105244981751e-182	6.93996206904518e-180	TRUE
FHL1	-5.36737449492657	0.187595807087428	-28.6113777181872	4.85027587947759e-180	4.11698417048235e-178	TRUE
FANCI	2.36829093140984	0.0850445886716239	27.8476381437311	1.15046456798347e-170	9.10802886585762e-169	TRUE
PCNA	1.85461779267645	0.0668576270345114	27.7398088286788	2.31272980181637e-169	1.78796815241832e-167	TRUE
ZBTB4	-1.43019621310802	0.0518185975789499	-27.6000563490549	1.11097461770152e-167	8.3919353347206e-166	TRUE
HMGA1	2.69627484317446	0.0981046230038996	27.4836675440594	2.75228587767829e-166	2.05076432342662e-164	TRUE
CCT3	1.66148045625018	0.0616202982905284	26.9632004768397	3.99438556897176e-160	2.7753395427957e-158	TRUE
DDX39A	2.17003405242937	0.0809314153699987	26.8132472725023	2.2642792865861e-158	1.55357862550889e-156	TRUE
MTHFD2	2.04381579498432	0.0764624514841812	26.7296660689352	2.128410307605e-157	1.44828646840213e-155	TRUE
LMNB2	2.19047005738395	0.0828552216000883	26.4373206067391	5.10464134151973e-154	3.33564003852402e-152	TRUE
RCC2	1.57684956299482	0.0597822107305382	26.3765682755075	2.54503042375555e-153	1.64349082305814e-151	TRUE
ECT2	2.29864786339518	0.0872624147936059	26.3417860808913	6.37439007220852e-153	4.06849152399448e-151	TRUE
MTHFD1L	2.08230851677351	0.0799797542631097	26.0354452943595	1.96649527974523e-149	1.17327093375234e-147	TRUE
CHAF1B	2.18720585412361	0.0861285610876528	25.394663820027	2.88848698825118e-142	1.59079315169004e-140	TRUE
PPP1R14B	2.38267352946145	0.0947291929974228	25.1524736363612	1.32782312097514e-139	7.00809722214666e-138	TRUE
PARP1	1.41596361413084	0.0571547178649366	24.7742210446552	1.7002166193771e-135	8.30785373035097e-134	TRUE
ALYREF	2.01742223313747	0.0815111743859638	24.7502535490995	3.0808614579291e-135	1.49653526925423e-133	TRUE
TCF19	2.10686889357302	0.0852248464320912	24.7212987969631	6.31289449229061e-135	3.05748334131028e-133	TRUE
MRGBP	1.52539245369936	0.0627072929340728	24.3255988630075	1.05093327447399e-130	4.67722114344953e-129	TRUE
RANBP1	1.57233226247839	0.0651542070267155	24.1324748505292	1.14072167913115e-128	4.96938198154831e-127	TRUE
XPO5	1.63807024173723	0.0678808626380716	24.1315472148774	1.16659020244498e-128	5.06866513553075e-127	TRUE
RCC1	1.85184080007495	0.076874593119376	24.0891135150372	3.25089269929608e-128	1.40137303872536e-126	TRUE
AHNAK	-2.43565321073041	0.101242148936688	-24.0576996469479	6.93422232122238e-128	2.95053847451082e-126	TRUE
TIMELESS	1.64238058586958	0.0686473478757858	23.9248949404628	1.68703474566572e-126	6.98000029067272e-125	TRUE
INCENP	1.70411543659429	0.0715704648740981	23.8103167220173	2.61138031170214e-125	1.06703721073943e-123	TRUE
BEND3	1.75200848277261	0.0738644259036342	23.7192459203343	2.28277146065479e-124	9.07980619386531e-123	TRUE
WDHD1	1.76920258451339	0.0749558799667679	23.6032528108238	3.56880906318173e-123	1.39259665505719e-121	TRUE
FANCD2	1.97122448944388	0.0835519307411645	23.5928059586144	4.56856062746775e-123	1.77849853079223e-121	TRUE
MCM3	1.61644471299277	0.0688934265867289	23.4629745257024	9.74516487521253e-122	3.73194488372383e-120	TRUE
HELLS	2.35459493124921	0.100859248705125	23.345354654913	1.5363405193445e-120	5.69795480451484e-119	TRUE
ELAVL1	0.967590928032896	0.0414616137290049	23.3370301107216	1.86649704944492e-120	6.87597470094171e-119	TRUE
SCNM1	1.65781209877147	0.0712103432381656	23.2804958294732	6.98820833657474e-120	2.53468781229904e-118	TRUE
KIF22	1.53952041050975	0.0667218109125237	23.0737204139761	8.50282842699175e-118	2.96017073376899e-116	TRUE
VPS72	1.57173324896628	0.0691047428888657	22.7442167246602	1.63718331482735e-114	5.44636316065897e-113	TRUE
DKC1	1.42056746112886	0.0628197211234524	22.6133996732839	3.19923925811812e-113	1.04735333724515e-111	TRUE
PRCC	1.33461569741364	0.0595388876828679	22.4158654847976	2.75630745742611e-111	8.6618539888236e-110	TRUE
CBX3	1.18867369667036	0.0531143093544432	22.3795378518071	6.22867061475793e-111	1.94995283295093e-109	TRUE
LRRC59	1.25658446462056	0.0563665276515063	22.2930969313839	4.31114824551677e-110	1.326947255307e-108	TRUE
SNRPA1	1.51228424149043	0.0679925244964063	22.2419192799697	1.35054348246083e-109	4.10321024459086e-108	TRUE
SRSF5	-1.18092122769953	0.0531025267819201	-22.2385129157659	1.45705593393506e-109	4.4186629952318e-108	TRUE
STIP1	1.33424481187897	0.0601719383997576	22.1738711991426	6.13962448263563e-109	1.85506782303782e-107	TRUE
SMC4	2.13109023931044	0.0970249414668448	21.9643548049825	6.31475842559168e-107	1.85026916359819e-105	TRUE
SAP30	1.72109643470499	0.0784821930479944	21.9297698989181	1.35108889327924e-106	3.93776651427065e-105	TRUE
AKAP12	-3.358588009994	0.153659996836797	-21.8572698108355	6.62924410692881e-106	1.91179969717682e-104	TRUE
GATAD2A	1.06624345927364	0.0488970062094401	21.8059047358974	2.03934734392881e-105	5.86072124126975e-104	TRUE
RTKN	1.699155091024	0.0782255366012849	21.7212327949194	1.29263481509712e-104	3.651083619246e-103	TRUE
FOXK2	1.2523216522356	0.057742110384319	21.6881863842595	2.65239106959717e-104	7.40286843102654e-103	TRUE
HMGB2	1.6677976193294	0.0772675585930518	21.5847070840333	2.50068133174594e-103	6.77281570556915e-102	TRUE
CCT5	1.41272478328998	0.0667795118115303	21.1550630570207	2.47857799964242e-99	6.24078653212718e-98	TRUE
C1orf131	1.17156706845419	0.0556712916264215	21.0443665707617	2.57535466813377e-98	6.32960676420281e-97	TRUE
CHAF1A	1.6828257203249	0.0804535683842623	20.9167319004098	3.77086272525167e-97	9.03854388598534e-96	TRUE
MASTL	1.57272098932029	0.0752445662241496	20.9014559886655	5.19364919758336e-97	1.24127462027003e-95	TRUE
PPM1G	1.28038912289102	0.0613849280926042	20.8583631630136	1.27976985666622e-96	3.01919344265367e-95	TRUE
WDR4	1.58148941093009	0.0760470076822881	20.7962082812948	4.68407492690778e-96	1.09408030952327e-94	TRUE
PFDN2	2.06808314573986	0.0994810388842685	20.7887168141235	5.47555227069073e-96	1.27533124811123e-94	TRUE
PDCD5	1.60856782125789	0.0774003499774816	20.7824360190345	6.24102153305669e-96	1.4515664065656e-94	TRUE
CACYBP	1.40422784769754	0.0679832715387848	20.6554909158265	8.71310783383247e-95	1.96815839094265e-93	TRUE
SHMT2	1.52966652586608	0.0746424685126723	20.4932467581291	2.47336222935373e-93	5.37319997767385e-92	TRUE
MRPL47	1.48595584079593	0.0730767222756145	20.3341884326931	6.40910679782618e-92	1.34615767397709e-90	TRUE
LIMD2	2.34977338774642	0.117593357275396	19.9821949316695	7.86871042790374e-89	1.55925456818641e-87	TRUE
FBXO45	1.27430115339693	0.0638767560136231	19.9493717734375	1.51783501508096e-88	2.98260014240313e-87	TRUE
POLD1	1.64335186205373	0.082447328893368	19.9321419397242	2.1419586575778e-88	4.19900395408735e-87	TRUE
LIMA1	-1.79031380798494	0.0898445966779238	-19.9267832922984	2.38400817428842e-88	4.66240648527404e-87	TRUE
MAGOHB	1.54629374383364	0.0777281148821876	19.8936220977101	4.6213483958959e-88	8.98462149176126e-87	TRUE
DNMT1	1.5651066302385	0.0788333133702547	19.8533660876044	1.03060343814752e-87	1.99423581856348e-86	TRUE
ALDH18A1	1.23132627292376	0.0621397984644798	19.8154210884286	2.1916704778505e-87	4.23097746292663e-86	TRUE
TCF3	1.37316851275552	0.0693130543436279	19.8111095486842	2.38764189288003e-87	4.59851450877841e-86	TRUE
MAGOH	1.38461306070094	0.070268956231904	19.7044774100726	1.97369333903523e-86	3.73143607507384e-85	TRUE
NACC1	1.44969157719939	0.0737797533813611	19.6489078745771	5.90701706470012e-86	1.10535056823201e-84	TRUE
POLA2	1.62896714743162	0.0829694718446412	19.6333315280328	8.02744947405805e-86	1.49196400100806e-84	TRUE
MSH2	1.30298177814179	0.0669771504974753	19.4541238088489	2.68909785954124e-84	4.8342111848325e-83	TRUE
SMARCA4	1.36141145027085	0.07058789849406	19.2867542357195	6.93955636462816e-83	1.21180991151996e-81	TRUE
RAD21	1.43846162719042	0.0747894765500854	19.2334763330922	1.94165910446671e-82	3.34798957835112e-81	TRUE
CFL1	1.26317640890697	0.0668166990005223	18.9051004883838	1.03542124762698e-79	1.64419302648732e-78	TRUE
YEATS2	1.10851404678543	0.0586749783642386	18.8924491783204	1.315962496567e-79	2.07566613323456e-78	TRUE
ARPC5	1.10238441126738	0.0586514180107473	18.795528712799	8.21573540083405e-79	1.26793359742769e-77	TRUE
RRP1B	1.05379106632882	0.0560714299906961	18.793725547996	8.49974770805234e-79	1.30931099633768e-77	TRUE
HDAC2	1.34363720026921	0.0715202712073605	18.7868023650745	9.68415750373641e-79	1.48758415684727e-77	TRUE
YWHAZ	1.19346614870777	0.0637967539380671	18.7073177714711	4.31554974202986e-78	6.48395598558446e-77	TRUE
MORC2	0.939298451988057	0.0502953098274938	18.6756668804651	7.81082724436519e-78	1.16928083848147e-76	TRUE
CBFB	0.955154657672896	0.0514764187532653	18.5551885854979	7.40470742431672e-77	1.08385170805532e-75	TRUE
EBNA1BP2	1.23415728100294	0.0665363641649165	18.5486131755557	8.36833293126663e-77	1.22272704861728e-75	TRUE
PRPF3	1.11395993557006	0.0603680230321256	18.4528145799516	4.94986496603708e-76	7.06933446623874e-75	TRUE
NASP	1.25344952278254	0.0680370152203146	18.423052785659	8.58237848602475e-76	1.22148683257882e-74	TRUE
RAN	1.07018494100243	0.0581614198927958	18.4002547216869	1.30748715931196e-75	1.85606819417155e-74	TRUE
TAGLN2	1.53859173398271	0.0844035137950912	18.2290009598177	3.0382044452399e-74	4.20774706474057e-73	TRUE
CKAP5	1.19956769344765	0.0658145151860876	18.2264913758906	3.18084733703047e-74	4.40159773940175e-73	TRUE
NOP56	1.09174421229254	0.0599798565213926	18.2018476803651	4.98960639209278e-74	6.88716248605128e-73	TRUE
PTBP1	0.796714255850609	0.04379328719452	18.1926113998198	5.90580809413085e-74	8.13134965602447e-73	TRUE
PRDX1	1.23305268616209	0.0678971335520904	18.1606000379397	1.05861317596364e-73	1.45147237040743e-72	TRUE
NVL	0.961510735989743	0.0529570394750279	18.1564291644956	1.14216423363611e-73	1.56472699128834e-72	TRUE
HNRNPAB	1.25687505574903	0.069227111475141	18.1558211655323	1.15488076579833e-73	1.58083304824615e-72	TRUE
EIF4A3	1.02548023068825	0.0565802609996229	18.1243460629333	2.04762958326013e-73	2.78433661003671e-72	TRUE
TTLL12	1.37743342213947	0.0761254458335526	18.0942575384217	3.53677929270203e-73	4.78555009144818e-72	TRUE
S100A11	1.95083460568695	0.108037318809812	18.0570438731563	6.94432016989101e-73	9.33486695817105e-72	TRUE
PFKP	1.94891615006949	0.108072459515269	18.0334208993748	1.06494400526943e-72	1.42921213812321e-71	TRUE
SNRPE	1.38298593573276	0.0767390752931963	18.0219259933586	1.31098975917103e-72	1.75370173552148e-71	TRUE
TMPO	1.24213440150713	0.0689279232925558	18.0207721656584	1.33862044140664e-72	1.78920964355869e-71	TRUE
HNRNPL	0.573725653864596	0.031899726250604	17.9852845556545	2.54081077838859e-72	3.36601215508648e-71	TRUE
HSPE1	1.57469419283511	0.0882936760502565	17.8347336216786	3.7985565462383e-71	4.93303080811563e-70	TRUE
HNRNPU	0.641383823225233	0.0361797141160372	17.7277194940833	2.56218242669194e-70	3.26306713227658e-69	TRUE
CCDC137	1.50737154009842	0.0852210446007425	17.687785301863	5.20825681832778e-70	6.58206945720672e-69	TRUE
PSME4	1.28241463833566	0.0725714166082728	17.6710707640984	7.00544813676255e-70	8.83297966830543e-69	TRUE
RFX5	1.27293133964676	0.0721734775191822	17.6371069179594	1.27840795132772e-69	1.60087785053335e-68	TRUE
GPN1	0.929971320923782	0.052894909023076	17.5814901301384	3.41482574059213e-69	4.22161677705185e-68	TRUE
MAGED1	1.45633299959303	0.0829508288856588	17.5565816418842	5.29706713583497e-69	6.50946302431301e-68	TRUE
TBCB	1.46473385070765	0.0835171914769559	17.5381119121062	7.33233403275481e-69	8.98374587182838e-68	TRUE
GNL2	1.03221168249402	0.0588638110532326	17.5355904421574	7.664930088583e-69	9.3772959709284e-68	TRUE
VRK1	1.11411816076973	0.0635694215212948	17.5260075380192	9.07201580639377e-69	1.10904888109789e-67	TRUE
WRNIP1	1.09748954932531	0.0627034058543717	17.5028698102018	1.36228890205502e-68	1.65678074964107e-67	TRUE
CALU	1.30144442390768	0.0746190345879543	17.4411854976984	4.01655278939617e-68	4.82777918123991e-67	TRUE
FAM122A	-1.0393490707313	0.0596673076866173	-17.4190710294846	5.91293644734127e-68	7.0813326893359e-67	TRUE
EIF5A	1.3234313062726	0.076034061755233	17.4057688846474	7.45976631510158e-68	8.88856526127191e-67	TRUE
ABCF1	0.931924400593928	0.0535689720513806	17.3967198717211	8.73645774935656e-68	1.03872382497223e-66	TRUE
CFL2	-1.50518128719718	0.0867411599065499	-17.3525612156764	1.88642875045241e-67	2.22679729273834e-66	TRUE
SRSF12	2.1387942639319	0.123308301512915	17.3450954857884	2.1482094373047e-67	2.53399461347396e-66	TRUE
TMSB10	1.69129645752533	0.097545526309034	17.3385343390032	2.40799086966821e-67	2.8302916238991e-66	TRUE
ADAR	1.03412764536127	0.059693400143282	17.3239862845651	3.10111823440692e-67	3.62943240696366e-66	TRUE
NOP58	1.07045583845758	0.0620929887831197	17.2395605274615	1.34051994316341e-66	1.54690552936733e-65	TRUE
SAE1	1.00647955062746	0.0583827075273831	17.2393435188904	1.3455611923648e-66	1.55163558506101e-65	TRUE
EIF4EBP1	2.10176393253472	0.122239213779417	17.193860035188	2.95206965934186e-66	3.37113252984622e-65	TRUE
PPP1CA	1.10880664014675	0.064801643107267	17.1107797114238	1.23337338556675e-65	1.3949148035802e-64	TRUE
SLBP	0.942134018702817	0.0552670191557153	17.0469483083274	3.68265188918866e-65	4.11691980035775e-64	TRUE
EHMT2	1.04775805004972	0.0614984569458063	17.0371437282245	4.35486948923637e-65	4.85522246982094e-64	TRUE
GTF3C2	0.887457776831064	0.0521009777307534	17.0334188624493	4.64116750687417e-65	5.15695717514825e-64	TRUE
PAICS	1.32483081188127	0.077804509603571	17.027686680779	5.11881248287194e-65	5.67619428656244e-64	TRUE
ENO1	1.33929753511291	0.0786600690180039	17.0263966435926	5.23288756967458e-65	5.79488632211374e-64	TRUE
CDK2	1.0343996550791	0.0607881926253499	17.0164568217108	6.20114026195872e-65	6.85790306874911e-64	TRUE
KDM1A	0.983596182189341	0.0581304208617378	16.9205068122388	3.17684984234164e-64	3.46674528521139e-63	TRUE
TCOF1	1.15782271591741	0.0686967237843574	16.8541183936498	9.78564224237214e-64	1.05320373075256e-62	TRUE
BRIX1	1.20919896978811	0.071888133177175	16.8205643455495	1.72507602489446e-63	1.85060761576137e-62	TRUE
MSH6	1.12116181041937	0.0671292303048433	16.7015442502174	1.27716100888042e-62	1.34469375532186e-61	TRUE
CPSF3	1.01809165347875	0.0609982396391434	16.6905087671649	1.53655773215547e-62	1.61677291855618e-61	TRUE
HNRNPA2B1	0.681143179791275	0.040873190968394	16.6647908727748	2.36313676964381e-62	2.47071575782379e-61	TRUE
CAPZA1	0.820620931286464	0.0492451436377709	16.66399711051	2.39471622763302e-62	2.50055752190443e-61	TRUE
SSBP1	1.09377214847982	0.0657468006991009	16.6361273377486	3.81507445102076e-62	3.9511214455949e-61	TRUE
ILF3	0.824016984136238	0.0496233027091747	16.6054441995834	6.36472475300765e-62	6.55049515673606e-61	TRUE
DAXX	0.90543282410382	0.0546088121131389	16.5803427884119	9.66757996271187e-62	9.91258027683539e-61	TRUE
CSTF3	1.06411504605685	0.0644653886554722	16.5067653860568	3.27998956121738e-61	3.32174588588971e-60	TRUE
PUF60	1.4077675687378	0.0853244862940877	16.4989867490751	3.73100663570269e-61	3.77386279300468e-60	TRUE
RBM5	-0.822565676503825	0.0500766317846928	-16.4261382442911	1.24328750069281e-60	1.24080092569142e-59	TRUE
GINS3	1.04436240034461	0.0637923682761532	16.3712749434796	3.06720711463064e-60	3.04630274768533e-59	TRUE
RGS10	1.58899129253656	0.0971803130907054	16.3509587693285	4.28189358729732e-60	4.23737630420823e-59	TRUE
PUS1	1.43102725443088	0.0877595370778571	16.3062306625584	8.91256024816899e-60	8.75152830093016e-59	TRUE
ZHX3	-1.19529979950208	0.073312988258133	-16.3040660038773	9.23396381433747e-60	9.06172122352176e-59	TRUE
GAPDH	1.67708739766125	0.1030230463335	16.2787595333988	1.39671540477355e-59	1.36173549854388e-58	TRUE
PRKDC	1.3971385313859	0.0858955906908259	16.2655442514481	1.73320194876895e-59	1.68679884694907e-58	TRUE
CCT8	0.948420319655549	0.0583823233438316	16.2449910406958	2.42376832014912e-59	2.34777605458209e-58	TRUE
RRS1	1.59678184438291	0.0983556344850032	16.2347775269182	2.86283960779554e-59	2.7633282427649e-58	TRUE
MPHOSPH8	-0.80414217864869	0.0497022913478921	-16.1791771936646	7.07333691858892e-59	6.75226892976254e-58	TRUE
DEK	1.29453523067719	0.080183719760382	16.1446143250242	1.23920644413427e-58	1.17208572748759e-57	TRUE
PNPT1	1.00124560914032	0.0620762304363769	16.1292913906316	1.58832353448045e-58	1.5014307486963e-57	TRUE
TRMT6	0.891183468318215	0.0553639664481986	16.0968139656694	2.68583025652572e-58	2.52873452454025e-57	TRUE
PSMA7	1.15772283253531	0.0719417514381967	16.0925027455007	2.87957684162178e-58	2.70427828451759e-57	TRUE
UTRN	-1.69571981857705	0.105393640783389	-16.0893940656456	3.02786179000808e-58	2.8377803128095e-57	TRUE
CIAPIN1	0.756995861214728	0.047057458367589	16.0866287189049	3.16614957911894e-58	2.96401279814392e-57	TRUE
KDM2B	0.899492693375035	0.0559466552499574	16.0776848831498	3.65795515057051e-58	3.41858952692648e-57	TRUE
NAT10	1.06577676005049	0.0664751275384549	16.0327147839461	7.55105935746793e-58	6.99737166231989e-57	TRUE
PDCL3	0.973405032017198	0.0607257492386253	16.029526917686	7.94855595700108e-58	7.35744075008077e-57	TRUE
CHD4	1.24424313555846	0.0776344889493679	16.0269379292229	8.28666398197145e-58	7.6617908922585e-57	TRUE
EIF2S2	0.907690750365199	0.0568350270097566	15.9706223102415	2.04733019816291e-57	1.8646784498423e-56	TRUE
HSP90B1	0.88935332466076	0.0556961024363669	15.9679633898413	2.13648702207619e-57	1.94158563976428e-56	TRUE
SSRP1	1.03679071626726	0.0650280293713595	15.9437511222491	3.14872039831601e-57	2.84109472871615e-56	TRUE
MPHOSPH10	0.789901631462987	0.049549323545022	15.9417238208158	3.25256222301167e-57	2.93318412520992e-56	TRUE
RMI1	1.17720357664724	0.0739104031771174	15.9274408749498	4.08746618289982e-57	3.67202976725649e-56	TRUE
CHRAC1	1.06068980895568	0.0670738905966385	15.8137510664818	2.50120591345213e-56	2.20135530608317e-55	TRUE
PHF5A	0.857550984928634	0.0542566212229254	15.8054623675366	2.85289486319206e-56	2.50552638464979e-55	TRUE
PAK1IP1	1.08067532079408	0.0686683216165675	15.7376108131547	8.35387694306892e-56	7.23256002216172e-55	TRUE
RBM34	1.4414577591841	0.0916877701534192	15.7213743640198	1.07956242660938e-55	9.29767493670329e-55	TRUE
PSMD4	1.18415942494487	0.0756654916260711	15.6499270604997	3.32600506830095e-55	2.82461709436368e-54	TRUE
RPS10	1.61166347774695	0.103127633538186	15.6278528116344	4.70388534833914e-55	3.98451028966567e-54	TRUE
WDR46	1.05831737849919	0.0678039610215447	15.6084889813872	6.37284701581779e-55	5.36786045061236e-54	TRUE
PDAP1	1.08239979903074	0.0695461700475625	15.5637585547915	1.28336035763579e-54	1.07383612851568e-53	TRUE
USP1	1.28734533881033	0.0827744595036257	15.5524463286159	1.53142687564287e-54	1.27815541617897e-53	TRUE
HSPA6	2.39689083609277	0.154289933205923	15.5349787655541	2.01138860783888e-54	1.67534325772801e-53	TRUE
GIPC1	1.47623063817689	0.0952621392543389	15.4965094184535	3.66256994376056e-54	3.03073061627664e-53	TRUE
RALY	1.07588579193297	0.0695316655589857	15.4733211592676	5.25257555081481e-54	4.31607592790756e-53	TRUE
NKRF	0.868906871201512	0.056206516552461	15.4591838188461	6.54222160665241e-54	5.34643986088066e-53	TRUE
KIF20B	1.31549442924347	0.0852777650578753	15.4259956080073	1.09454101572833e-53	8.88309852439549e-53	TRUE
NDE1	0.966601278411929	0.0628649394005757	15.3758404546092	2.37738288840857e-53	1.91621948230171e-52	TRUE
HMBS	1.15694959440742	0.0752491918690928	15.3749105561174	2.41176241550463e-53	1.94297904579817e-52	TRUE
LYAR	1.0007490741569	0.0651366899601453	15.3638306577939	2.86155094389267e-53	2.30083786099026e-52	TRUE
KHSRP	0.922167400056699	0.0602125552308199	15.3152012320628	6.05242752363975e-53	4.83577506219193e-52	TRUE
CPSF1	1.19226603943122	0.0782265475902107	15.2411946603715	1.88393880570981e-52	1.48308687206119e-51	TRUE
RBM17	0.947722813013442	0.0623780609046623	15.1932073435551	3.92248023911901e-52	3.05307765655779e-51	TRUE
HMGN1	1.05827346198382	0.0697559162190462	15.171092565979	5.49543800426817e-52	4.25051092608191e-51	TRUE
MTA2	0.783166894880277	0.0517046217963367	15.1469417562932	7.93751635072021e-52	6.1078075582855e-51	TRUE
HSPD1	1.02540220777591	0.0677329123711751	15.1389062108643	8.96930501444966e-52	6.88887806310367e-51	TRUE
NONO	0.720258480599848	0.0476560683400094	15.1136781880758	1.31585033854284e-51	1.00781895464116e-50	TRUE
NCAPD3	1.02823821468669	0.0681260687053931	15.0931682133787	1.7960687437557e-51	1.37242988414966e-50	TRUE
PPIA	0.93486460085375	0.0619481781605487	15.0910749696448	1.85396991502376e-51	1.41536034263775e-50	TRUE
SCML2	1.72338426803391	0.114220247768439	15.0882553811979	1.93491062116469e-51	1.47646771078401e-50	TRUE
DMD	-1.92510015148126	0.127597831699705	-15.0872481596073	1.96466948011019e-51	1.49778760782289e-50	TRUE
MEN1	0.947995191231288	0.0628459435506136	15.0844292832967	2.05039896177096e-51	1.56097640792799e-50	TRUE
RPP38	1.16401466158292	0.0773183154489519	15.0548373283098	3.20887708048099e-51	2.4316879376107e-50	TRUE
DDA1	1.00318050026095	0.0668179878904371	15.0136292925474	5.97849877671779e-51	4.50356538683495e-50	TRUE
ME2	1.1428995884899	0.0761458527845425	15.0093478068172	6.37716541784958e-51	4.79729478920644e-50	TRUE
DUS1L	1.30310821743935	0.0868912072868353	14.9970089969826	7.68031325720774e-51	5.75918571978323e-50	TRUE
STK38	0.926734567742126	0.0620437456662271	14.9367927063531	1.89897572990193e-50	1.41239536333763e-49	TRUE
HMGA2	3.62430093649004	0.24300449490334	14.9145427862628	2.65086814731e-50	1.96452951313023e-49	TRUE
SUCLA2	-1.10201619149308	0.0740889687788831	-14.8742276975406	4.84544221651846e-50	3.56682597136385e-49	TRUE
CHTOP	0.798633425500896	0.0536945258954553	14.8736470279272	4.88766190738302e-50	3.59469087221421e-49	TRUE
RRP12	1.09604535083127	0.0738019914074299	14.8511622779995	6.83728666783711e-50	5.0084341440958e-49	TRUE
SLC25A5	1.00185023875906	0.0677795715552703	14.781005777561	1.94243716491843e-49	1.40722009655573e-48	TRUE
STOML2	1.03839232797075	0.0703998930066592	14.7499134391089	3.08059568670648e-49	2.21810971460409e-48	TRUE
SUMO3	0.865303371724661	0.0586900820372423	14.7436047401599	3.38238067112318e-49	2.4332749022012e-48	TRUE
NOLC1	0.913081110402226	0.0619853625201675	14.7305924056691	4.10095089611201e-49	2.9412177006218e-48	TRUE
BCL9	1.15961688970651	0.0789705563720288	14.6841676566589	8.14279371841567e-49	5.77216462165953e-48	TRUE
STARD13	-1.30442982070227	0.088864910193888	-14.6787952393833	8.81426107683311e-49	6.24277149041767e-48	TRUE
PPP1R14C	2.54219996523089	0.173975423160938	14.6124085749698	2.34093429397812e-48	1.64314428895727e-47	TRUE
IDH2	1.50483865253742	0.103434845892437	14.5486623927715	5.95562057967862e-48	4.14502130539171e-47	TRUE
LIG1	1.19009445571528	0.0818091250582773	14.5472091880644	6.08347151598597e-48	4.23221484806679e-47	TRUE
YWHAH	0.880707778037393	0.0605786767854842	14.5382471980376	6.93456168807449e-48	4.80401461159119e-47	TRUE
GNL3L	0.977631709407781	0.0673152761661703	14.5231775770252	8.64099437997943e-48	5.97209370564007e-47	TRUE
ARFGAP1	1.13084480654128	0.0780090913722755	14.496320706322	1.27819995640068e-47	8.77736392078815e-47	TRUE
ZNF687	0.908935987862624	0.0627757808390486	14.4790869299269	1.64264726028918e-47	1.12471818857306e-46	TRUE
MRTO4	0.995005413212479	0.0687792848374168	14.4666437803841	1.96845483817908e-47	1.34388664263246e-46	TRUE
EIF4G1	0.795648177117582	0.0552493443562301	14.4010428791245	5.09685837251327e-47	3.4327184793528e-46	TRUE
TIMM44	1.1409848110864	0.0793381409443955	14.3812899761044	6.78185921707461e-47	4.54710406056871e-46	TRUE
SFPQ	0.571129894671002	0.039747050354705	14.3691139235291	8.08591380673398e-47	5.40823487633991e-46	TRUE
TXNL4A	1.03617446247558	0.0721368736141918	14.3640056819946	8.70470399800505e-47	5.81031052838059e-46	TRUE
CCNH	-0.873183266781266	0.0608887339481992	-14.3406375886239	1.21930083170112e-46	8.11897565532645e-46	TRUE
XPC	-1.0446918104731	0.0731390829904125	-14.2836328780612	2.76788012117261e-46	1.81588374324101e-45	TRUE
CSNK2B	1.09444950424828	0.0767603951623231	14.2579972645253	3.99763114451448e-46	2.60296528496322e-45	TRUE
UBE2V2	0.975951099256011	0.0686274618240776	14.2209994849847	6.78765164338472e-46	4.3952913728516e-45	TRUE
HEATR3	0.799061490639668	0.0563119625215275	14.1899066354542	1.05799496143135e-45	6.80015731065186e-45	TRUE
CMAS	1.1427265244358	0.0805695857138774	14.1831004132739	1.16579957261266e-45	7.48429690534607e-45	TRUE
NFYA	1.21770271542774	0.0860597189524932	14.1495083907947	1.88067394781572e-45	1.19849295273535e-44	TRUE
MRPL12	2.26037963435652	0.159836871956259	14.1417909815896	2.09874219127668e-45	1.33384745904103e-44	TRUE
TAF2	1.05045222395935	0.0744284030018772	14.1135934884006	3.13202606627654e-45	1.97833038869872e-44	TRUE
ATXN2L	0.749304707773545	0.0531866566726858	14.0882084840342	4.48803113434033e-45	2.81755275216097e-44	TRUE
CYCS	1.053459932305	0.0751171576770687	14.0242251555079	1.10815842893244e-44	6.85501309137132e-44	TRUE
NOL11	0.779394771339944	0.0557353385996013	13.9838528108542	1.95605498877738e-44	1.20412551402606e-43	TRUE
PRRC2A	0.700476382920149	0.050107338922006	13.9795167332767	2.07894880727948e-44	1.27786674167492e-43	TRUE
SET	0.733839272574401	0.0525182660198445	13.9730293512949	2.27730184887431e-44	1.39666031826493e-43	TRUE
EIF1AD	0.593224590496367	0.0426104831344764	13.9220338953722	4.65467298078173e-44	2.83253880171961e-43	TRUE
SNRPA	1.05385771674307	0.0758058461929492	13.9020638864801	6.15408679358683e-44	3.72845280463555e-43	TRUE
HCFC1	0.64889086772922	0.0467998221034405	13.8652421860706	1.02878277663288e-43	6.20320980696216e-43	TRUE
BUD31	0.82126062179991	0.0593924509998634	13.8276937215775	1.73494227066737e-43	1.03963953315428e-42	TRUE
DCPS	0.844275026793756	0.061131366159414	13.8108319809526	2.1928425523049e-43	1.30879080495849e-42	TRUE
RBM28	0.709763952933328	0.0514122776241849	13.8053396140428	2.36654584411293e-43	1.41093086223778e-42	TRUE
ABCF2	0.994175156722865	0.0723145791198834	13.7479214955358	5.24137904480145e-43	3.08911198034164e-42	TRUE
C1orf174	0.638918188362081	0.0464977454030024	13.7408423316978	5.77993892654639e-43	3.4016531202087e-42	TRUE
ME3	-1.28514307084262	0.0936471692480231	-13.7232452530298	7.3691707862829e-43	4.3199763381175e-42	TRUE
AHSA1	0.844030869707416	0.0615254955552395	13.7183920599164	7.87934689450507e-43	4.61084595990814e-42	TRUE
POLD2	1.035158291435	0.0754798957935592	13.7143577180631	8.3300765312941e-43	4.86941321408662e-42	TRUE
PARN	0.594744993397277	0.0434513197384962	13.6876163250424	1.20394366253359e-42	6.99553291846883e-42	TRUE
HSP90AB1	0.913719858198823	0.0669174077863944	13.6544419221302	1.89938871444974e-42	1.09898924669164e-41	TRUE
HADH	-1.27556389093799	0.0935882034846011	-13.6295370938269	2.67270214761754e-42	1.53832178485907e-41	TRUE
SUPT5H	1.01092158571261	0.0743484875691845	13.5970699440511	4.16799478515367e-42	2.38148404327292e-41	TRUE
PES1	1.00062348165684	0.0737931037163237	13.5598508703936	6.92767911429619e-42	3.92966214175389e-41	TRUE
TBC1D13	-0.738963941721286	0.0547269897018071	-13.5027332171513	1.50680522999452e-41	8.46267453012272e-41	TRUE
PAPSS1	1.06795162483041	0.0793831033910063	13.4531352291703	2.95090111790246e-41	1.63942269596828e-40	TRUE
ABT1	0.766835119495769	0.0570849282391797	13.4332326088388	3.86178581704619e-41	2.1361110866409e-40	TRUE
SNCA	-1.75045471973787	0.131021520210683	-13.3600550270149	1.03487617417649e-40	5.67476055949527e-40	TRUE
NCK2	0.823882105319319	0.0619077489314169	13.3082226302888	2.07355973638814e-40	1.12914378899152e-39	TRUE
DDX27	0.726142366474927	0.0545978156346224	13.2998428240132	2.3195541074161e-40	1.26059727679277e-39	TRUE
DCUN1D5	0.914966314063909	0.0688991633025375	13.2797884648653	3.0324961348643e-40	1.64317584247484e-39	TRUE
FH	0.953448234073741	0.0721336466555952	13.217801654005	6.92586859360083e-40	3.72463351178396e-39	TRUE
SLU7	-0.576951871486434	0.0436592518906699	-13.214882218578	7.199893007548e-40	3.86947252465055e-39	TRUE
PCGF1	0.783440794258239	0.0592953040629124	13.2125268035898	7.42881378008814e-40	3.98989812513736e-39	TRUE
WDR12	0.778287375146773	0.05904148295709	13.1820431358815	1.11334255501433e-39	5.94083339384998e-39	TRUE
RBBP7	0.777017406258712	0.0590630449204755	13.1557288877489	1.57754831472384e-39	8.37983487050239e-39	TRUE
TTC12	-1.02031575419518	0.0776601363468669	-13.138217394288	1.98856260956725e-39	1.05291512835189e-38	TRUE
AUH	-0.816005108602074	0.0622207642611354	-13.114675113558	2.71342538296622e-39	1.42753916234201e-38	TRUE
GLUD1	-0.745254077756004	0.057055061614385	-13.062015124844	5.42719102853688e-39	2.83173493874895e-38	TRUE
CCDC86	0.995382848853481	0.0764224349784446	13.0247465830451	8.84943941268769e-39	4.58827830002293e-38	TRUE
PLA2G4D	3.07079135172989	0.236548768435403	12.9816416802375	1.55511156762628e-38	8.00250693253186e-38	TRUE
PPME1	0.747570228433947	0.0577272512474986	12.9500402717744	2.34830840457641e-38	1.2016654598558e-37	TRUE
PDLIM3	-1.77568397348379	0.13714302491699	-12.9476798004023	2.42162992000387e-38	1.23841552461813e-37	TRUE
COPS7B	0.662947719308479	0.0512736123395562	12.9296082148094	3.06376071198392e-38	1.56049946316855e-37	TRUE
BTF3L4	0.69103351938195	0.0536586747575691	12.8783187900941	5.96201408345088e-38	3.01710159533453e-37	TRUE
AHCY	1.03361064744772	0.0804341375858453	12.8503975857835	8.55693180247392e-38	4.3143599507452e-37	TRUE
ASPSCR1	1.13718969231171	0.0887385036571147	12.8150649993582	1.35025172621986e-37	6.75412976174437e-37	TRUE
NCL	0.698572103784056	0.0545377542008551	12.8089635156466	1.46072652732247e-37	7.30008610786617e-37	TRUE
HDAC1	0.787662036093622	0.0615368224407108	12.799849014832	1.64270307308644e-37	8.19957305380854e-37	TRUE
FUS	0.789442981633593	0.0619637692527002	12.7403963825069	3.52598806721998e-37	1.74361698206941e-36	TRUE
RBM15	0.756446432322708	0.0594716094172928	12.7194545386349	4.61067466923608e-37	2.27521665502878e-36	TRUE
SUMO2	0.72607962045235	0.057090794696057	12.7179806187301	4.69846125180575e-37	2.31714769192828e-36	TRUE
SH3GL1	0.973481725911621	0.0768301050585826	12.6705765294652	8.60794054999169e-37	4.20489341550617e-36	TRUE
PTPN2	0.752388197254997	0.0593884504200901	12.668931280963	8.79038295030614e-37	4.29146860488263e-36	TRUE
BAG6	0.640132727323152	0.0506677226815903	12.633935244059	1.37239288987645e-36	6.65857210300397e-36	TRUE
RPL17	1.08004161956806	0.0854945582337803	12.6328697624795	1.39110698475722e-36	6.74738106568398e-36	TRUE
RPS23	-1.05765359857671	0.0841488450864359	-12.5688427154325	3.13276041831635e-36	1.5022471114856e-35	TRUE
TADA1	0.736129082953703	0.0586864967976658	12.5434149782643	4.31971184428383e-36	2.06540926073815e-35	TRUE
ZNF706	0.823325416727085	0.065701427631158	12.5313169958674	5.0320053358865e-36	2.39971131960739e-35	TRUE
DRAP1	1.28272304490974	0.102373401848843	12.5298468327126	5.12615803043572e-36	2.44248970738382e-35	TRUE
RNF114	0.641724238564185	0.0512239767936429	12.5278098018314	5.25951409887227e-36	2.50458122227096e-35	TRUE
PPIF	1.21035703609918	0.0966843998806273	12.5186383490363	5.90392925676517e-36	2.80658207480231e-35	TRUE
WBP4	-0.724467814867354	0.0578893009997303	-12.5147100130079	6.2034015019356e-36	2.94639205458245e-35	TRUE
CEP70	0.882326436503259	0.0706038103024337	12.4968671339944	7.765152725162e-36	3.6691182188018e-35	TRUE
NSUN2	0.831647505347967	0.0665508965267854	12.496413252874	7.80960185121374e-36	3.68906235467403e-35	TRUE
DNAJA3	0.713571977446582	0.0571280915989523	12.4907371745579	8.38728753811131e-36	3.95627223976164e-35	TRUE
UTP14A	0.704597087915155	0.0564282105024365	12.4866105382649	8.8337508466801e-36	4.16448254200633e-35	TRUE
SERBP1	0.67315952911407	0.0539304869908422	12.4819849898329	9.36231260692632e-36	4.40987419045354e-35	TRUE
LIG3	0.814945530886244	0.0653621971772153	12.4681477380067	1.11385085585257e-35	5.23751628878477e-35	TRUE
WDR43	0.729719032028052	0.058730920913147	12.4247844352242	1.91742573562542e-35	8.96995726947268e-35	TRUE
GPI	1.10009875314888	0.0888899951600799	12.3759569473228	3.52665714146125e-35	1.63357139658066e-34	TRUE
DHX9	0.52574855355889	0.0425403397751997	12.3588235622272	4.36497959655417e-35	2.01508603914936e-34	TRUE
PDLIM1	-1.13861337168989	0.0921941875142014	-12.3501643909439	4.86119936307155e-35	2.24165135569026e-34	TRUE
NCBP2	0.674072461429317	0.054618382196536	12.3414944625011	5.41415043472751e-35	2.49453875793671e-34	TRUE
C1QBP	0.874007432081255	0.0710855160425877	12.2951549167574	9.61722119960088e-35	4.39419482502296e-34	TRUE
WDR74	0.846099469417632	0.0688780202699748	12.2840271265239	1.10364696368397e-34	5.0342810390537e-34	TRUE
BRD4	0.703578205991265	0.0574207940685955	12.2530211816779	1.61851985265165e-34	7.35435055563321e-34	TRUE
TXNDC9	0.640146697936819	0.0522844322854709	12.2435430577431	1.81914505509045e-34	8.25003074144159e-34	TRUE
KIN	0.744496293901897	0.0610539720215289	12.1940681212251	3.34306432407108e-34	1.50492728880477e-33	TRUE
NCBP1	0.679772861496331	0.0557524552320067	12.1926982169224	3.39975204856608e-34	1.53002779403492e-33	TRUE
NEXN	-1.28950039592876	0.105896904579622	-12.1769413473196	4.12461801793148e-34	1.85320831927088e-33	TRUE
TCF20	0.817124581633844	0.0671958905434319	12.1603356250736	5.05505755970299e-34	2.26507844450691e-33	TRUE
METTL1	0.837433672266911	0.0688906805712393	12.1559790863283	5.33191442669192e-34	2.38783342029741e-33	TRUE
ZNF787	1.17625613923186	0.0967651495741742	12.1557827834515	5.34473799652139e-34	2.39292551899722e-33	TRUE
CHD7	1.18454812392342	0.0975399041855593	12.1442412089102	6.15509542209733e-34	2.75050084981484e-33	TRUE
PHF6	0.855484736937536	0.0705124462027101	12.1323934001407	7.11393808982336e-34	3.17380705838855e-33	TRUE
SNRNP40	0.622713613359114	0.0513268298279117	12.132321739857	7.12016719772935e-34	3.17572571086157e-33	TRUE
KIAA1143	-0.61077444437173	0.0506477992116898	-12.0592494417953	1.73355502182738e-33	7.66965355841791e-33	TRUE
CHMP1A	0.830555558784812	0.0689414304186283	12.0472632166389	2.00496873626284e-33	8.85617494099789e-33	TRUE
BTF3	-0.740241277936209	0.0614849011220736	-12.0393993391405	2.20555682776523e-33	9.72133412280785e-33	TRUE
FAM126A	-1.06964719785093	0.0888925215758019	-12.0330392128521	2.38226863482119e-33	1.0494600751632e-32	TRUE
DOT1L	0.825560433373786	0.0686098719152217	12.0326770817164	2.39274300173548e-33	1.05379243138749e-32	TRUE
SUCLG2	-0.724025543971531	0.0602413681656052	-12.0187433655418	2.83246230178539e-33	1.24445455505603e-32	TRUE
SF3A3	0.642682126913575	0.0536257880115483	11.9845721758937	4.28048494703575e-33	1.8736508671674e-32	TRUE
UBE2M	0.903794637501611	0.075433086161315	11.981408735801	4.44702004942896e-33	1.94551219856394e-32	TRUE
UTP18	0.684188029555847	0.0571239757170718	11.9772480988464	4.67588521010446e-33	2.04400854140669e-32	TRUE
NOL7	0.708288439503637	0.0592269901572098	11.9588795179965	5.8343853603529e-33	2.54098978389133e-32	TRUE
ENSA	0.736856566752945	0.0616995433589832	11.9426583510632	7.09197100393818e-33	3.0829853886444e-32	TRUE
GOLGA8H	-1.62118542002628	0.135764726099347	-11.9411386639558	7.2227573210318e-33	3.13818324024883e-32	TRUE
EML4	0.79904261420712	0.0669179655049433	11.9406292193401	7.26713468228525e-33	3.15663167536775e-32	TRUE
BAZ1A	0.715497491887357	0.0601053493482274	11.9040567877251	1.12730734060975e-32	4.87483455299915e-32	TRUE
CCT4	0.675318048614417	0.0569357258631024	11.8610597893872	1.88573037878671e-32	8.09497449100123e-32	TRUE
THOP1	1.13198680284268	0.0957309937978207	11.8246636531673	2.91066198426057e-32	1.24170649986577e-31	TRUE
CPNE1	1.0029694599096	0.0850396185511724	11.7941434474576	4.18436335613139e-32	1.77404509231245e-31	TRUE
NUP50	0.625696805322826	0.0531818374501414	11.7652348117799	5.89620696861788e-32	2.49019851634344e-31	TRUE
SLC4A1AP	0.560336290087508	0.0476527887509253	11.7587302815856	6.36847935268624e-32	2.68621284581671e-31	TRUE
MORF4L2	0.566883247378062	0.0482118323800352	11.7581767668472	6.4103611723813e-32	2.70314545319462e-31	TRUE
ZC3H18	0.69757071723911	0.0593622005611282	11.7510926253616	6.97115801769706e-32	2.93741195182747e-31	TRUE
DHX37	0.867654594089978	0.0738919456319265	11.7422079858605	7.74379499574152e-32	3.25714105223181e-31	TRUE
ZC3H15	0.595644412872657	0.0508251824810525	11.7194741621383	1.01298803886356e-31	4.25098726706582e-31	TRUE
UBA1	0.753127204679336	0.0642888101546307	11.7147479144174	1.07109348683839e-31	4.48910573880576e-31	TRUE
BAG2	1.42744363118516	0.12209350982808	11.691396481231	1.41048100441418e-31	5.89352720113886e-31	TRUE
GTF3C5	0.952656288302323	0.0815831469588439	11.6771211189354	1.66851214112913e-31	6.95403427688519e-31	TRUE
BMS1	0.595296070420614	0.0510518254086796	11.6606226252471	2.02555745790791e-31	8.41444365776224e-31	TRUE
PTBP3	0.867222241625033	0.0744374434342941	11.6503496307007	2.2851931731831e-31	9.47627196746564e-31	TRUE
FKBP4	1.09741180724202	0.0945413177912467	11.60774815584	3.76397766599981e-31	1.55031066098096e-30	TRUE
ARMC1	0.747538174367032	0.0647274138915783	11.5490196413408	7.46672770135567e-31	3.04795748780922e-30	TRUE
TDP1	0.625574299449884	0.0541711867544381	11.548100326575	7.54701453425033e-31	3.07920436906591e-30	TRUE
C16orf87	0.685668755636158	0.0593874540310438	11.5456836266754	7.76218369320704e-31	3.16464171517802e-30	TRUE
NOL6	0.617668098170378	0.0535166266332947	11.5416112155713	8.13862993818013e-31	3.31483599287688e-30	TRUE
BAZ1B	0.63565554651116	0.0552193274157999	11.5114684705355	1.15494812049101e-30	4.68552123678873e-30	TRUE
MDC1	0.79046992459003	0.068689518544102	11.5078681776247	1.20418363407521e-30	4.87925489722356e-30	TRUE
PHF20L1	0.801014757364446	0.0696512316357242	11.5003674529942	1.31355023990622e-30	5.31324780165456e-30	TRUE
SEC61B	0.765573939719355	0.066670229025435	11.4829954975449	1.60617597443205e-30	6.47622423383266e-30	TRUE
PAN2	-0.940854021871908	0.0819864329654988	-11.4757282130793	1.74700655233606e-30	7.03717145237717e-30	TRUE
C19orf53	1.03597793130165	0.0906568650639754	11.4274625597363	3.0488830696284e-30	1.2168191349387e-29	TRUE
HEATR1	0.915158038420285	0.0801554871771804	11.4172849626298	3.42775488763821e-30	1.3650505377204e-29	TRUE
MAPRE1	0.562240558199805	0.0492994226481033	11.4046073564198	3.96562525732665e-30	1.57619964065648e-29	TRUE
SENP3	0.687310826193374	0.0603384141910261	11.3909328809572	4.63995198149148e-30	1.8397806231452e-29	TRUE
DDX17	-0.632328675417049	0.0557491645579333	-11.3423883645816	8.09057786510697e-30	3.19031479177961e-29	TRUE
ANXA1	-1.34349290008275	0.118602001998446	-11.3277421750466	9.56383132893447e-30	3.76404422785765e-29	TRUE
DTD1	0.990676962860201	0.0876430280735135	11.3035455829896	1.26024923250906e-29	4.94343118430843e-29	TRUE
PHLDB2	-1.57190943602351	0.139766328722308	-11.2466961849347	2.404300478861e-29	9.37079668293588e-29	TRUE
FER	-1.03109330832807	0.0916889858602214	-11.2455525454274	2.43566703677782e-29	9.49080196275921e-29	TRUE
MDH2	0.837043804881986	0.0744937958910042	11.2364230453058	2.70106203913514e-29	1.05075333329644e-28	TRUE
LSM12	0.620495485251538	0.0554456413196072	11.1910597566145	4.51010594936964e-29	1.74501679201762e-28	TRUE
TRIM28	0.821795454978886	0.0734662308721734	11.186029897311	4.77331052603113e-29	1.84468679728126e-28	TRUE
NCAPH2	0.946150722910525	0.0845982932601073	11.1840403210201	4.88157892431661e-29	1.88520075390998e-28	TRUE
HNRNPF	0.629875700138463	0.0565933329155735	11.129856958206	8.97794596399857e-29	3.43813572532941e-28	TRUE
AATF	0.667889685886399	0.0600212172225936	11.127559832875	9.21228913008113e-29	3.52541866384025e-28	TRUE
YAP1	-0.805099613443191	0.0723981448858791	-11.1204453472153	9.97727037971663e-29	3.81373517508806e-28	TRUE
SYNCRIP	0.628098687357738	0.0565408633464576	11.1087565732597	1.1373213369821e-28	4.33826047164331e-28	TRUE
PRPF4	0.611957939147259	0.0554312754329582	11.0399397157548	2.45197614549497e-28	9.28626752250821e-28	TRUE
EIF5B	0.73931678418089	0.0669812635721511	11.037665531414	2.51482024637132e-28	9.51989540160838e-28	TRUE
CCT2	0.693639586609986	0.0628761965292288	11.031831200024	2.68344678748687e-28	1.01395865648339e-27	TRUE
SNRPB2	0.85233234610183	0.0772722479416589	11.0302517243364	2.73099569791436e-28	1.03145197609073e-27	TRUE
LSM14A	0.641830748954907	0.0583439609965711	11.0008086182669	3.78720477885672e-28	1.42383335829757e-27	TRUE
EED	0.606033322505015	0.0550904383170116	11.0006988693331	3.79181713999521e-28	1.42524201881537e-27	TRUE
MED27	0.5987166515848	0.0545004118035613	10.9855436275011	4.48530033712254e-28	1.68244739524822e-27	TRUE
PSMD3	0.879257688845441	0.0804749565662633	10.9258547796973	8.67200062015196e-28	3.2271600951874e-27	TRUE
TRMT1	0.922109943392992	0.0845345554335012	10.9080829568964	1.05456728845051e-27	3.91380652218044e-27	TRUE
VCP	0.568643189249379	0.0521694036915042	10.899936533911	1.15337709065201e-27	4.27377600174768e-27	TRUE
PPP1R14A	-1.79562792727579	0.165261805408744	-10.8653534483339	1.68569168390287e-27	6.21825379902075e-27	TRUE
DDX41	0.729246222011951	0.0671806309997798	10.8550070334162	1.88792263211633e-27	6.95334868777895e-27	TRUE
CNP	0.695349057599122	0.0640802848681843	10.8512167046305	1.96788132913111e-27	7.23525676055174e-27	TRUE
ACSF2	-1.04663290945441	0.0967210936634	-10.8211442800348	2.73343082520265e-27	1.00047578125388e-26	TRUE
AHCTF1	0.740682275528971	0.0684918188585651	10.8141715006645	2.94945578948972e-27	1.07810629268651e-26	TRUE
GATAD2B	0.671053034631592	0.0621834872003853	10.7914989146417	3.77580321198594e-27	1.37527430859926e-26	TRUE
GTF2F2	0.660543192226317	0.0612730965366489	10.7803135399111	4.26429753784501e-27	1.55045677976802e-26	TRUE
PTMS	1.1502852452469	0.106940728483231	10.7562877264976	5.53553869047444e-27	2.00734894551955e-26	TRUE
ZNF639	0.626979891634736	0.0583299594826027	10.7488483996245	6.00061004541369e-27	2.17408241183338e-26	TRUE
KDM4A	0.620707003976658	0.0577866266729871	10.7413607561698	6.50780296675637e-27	2.35473503523571e-26	TRUE
SAP30BP	0.613790036450287	0.0571727342587727	10.7357124756738	6.91832309013184e-27	2.49997863342552e-26	TRUE
STK33	2.1163158953418	0.197154008672251	10.7343285058939	7.02276581441964e-27	2.53660637565361e-26	TRUE
RBBP5	0.535208720591637	0.0499510268832052	10.7146690265859	8.6867402802108e-27	3.1280243208885e-26	TRUE
GNL3	0.564954994017489	0.0527363591786627	10.7128175478233	8.86227896575698e-27	3.18914221436014e-26	TRUE
WIZ	0.696674291907727	0.0650530921160022	10.7093186387731	9.20366897292327e-27	3.30693469293318e-26	TRUE
ARPC2	0.566298593102363	0.0531512089992482	10.6544818784907	1.66167356525382e-26	5.920116529432e-26	TRUE
SMARCC1	0.778229653572393	0.0731608293875919	10.6372448219454	1.99954640824285e-26	7.1008261170013e-26	TRUE
FIP1L1	0.528980309940196	0.049767761127735	10.6289754241205	2.18499664700393e-26	7.749373204009e-26	TRUE
SNX9	-0.643984213776716	0.0605924641147146	-10.6281238630189	2.20503617376997e-26	7.81876198825798e-26	TRUE
ABCF3	0.621306229344147	0.0585056204322035	10.6195990189373	2.41596664353388e-26	8.55379976759242e-26	TRUE
HNRNPM	0.563283376314531	0.0531551382349683	10.5969694561715	3.07792964005433e-26	1.0885796259187e-25	TRUE
RPS6KA4	0.962345476340552	0.0908312060152717	10.5948772295146	3.14753729191055e-26	1.11271997822866e-25	TRUE
PELP1	0.737252839994827	0.0696521054925823	10.5847889992836	3.50569701971849e-26	1.23774255625438e-25	TRUE
KRI1	0.765035871748052	0.0725076616471906	10.5511039022411	5.02037416143531e-26	1.76420190602551e-25	TRUE
HMOX2	0.759207626193358	0.0719583147990392	10.5506587850706	5.04421632722846e-26	1.77220205377578e-25	TRUE
HMGN4	0.646399443575469	0.0613463000338182	10.5368937200635	5.83959293492102e-26	2.04858493522251e-25	TRUE
NKIRAS2	0.532289460206958	0.0505657610342164	10.5266775248725	6.50915177924284e-26	2.27910275034641e-25	TRUE
YLPM1	-0.522975308952712	0.0496859414188861	-10.5256194009423	6.58270600640477e-26	2.30436691767575e-25	TRUE
CCDC124	1.17478825673699	0.111691578798017	10.5181453192768	7.12625153253842e-26	2.48987871814789e-25	TRUE
EMD	0.73026978358351	0.0695655957767099	10.4975710396776	8.86313915094417e-26	3.08756742962974e-25	TRUE
PPAN	1.00882874139381	0.096112865836021	10.4962923810324	8.98397734753438e-26	3.1276776951765e-25	TRUE
ACAT1	-1.02695060985502	0.0981790490827893	-10.4599771483736	1.31887471041509e-25	4.5702672256745e-25	TRUE
NUMA1	-0.605355623863486	0.0579581176368803	-10.4447081538459	1.54931185743413e-25	5.35077985662078e-25	TRUE
POLD3	0.646395444514378	0.0619666565434741	10.431342928126	1.78349581602662e-25	6.14410577458377e-25	TRUE
GTF3C1	0.542817664321331	0.0520547240744512	10.4278271371675	1.85072006477586e-25	6.36902974015969e-25	TRUE
C19orf47	0.895520956183311	0.0859084710513822	10.4241286711726	1.92414825049602e-25	6.61895743491078e-25	TRUE
PPWD1	-0.512508176041553	0.0491700774270275	-10.4231720359228	1.94360635429756e-25	6.68170476747764e-25	TRUE
CDKN2AIP	-0.550104388344125	0.0527795488062181	-10.4226807690958	1.95367445214158e-25	6.71491488278342e-25	TRUE
ZNF280C	0.825025891722585	0.0792814984378629	10.4062852995797	2.32102475525685e-25	7.96422476449564e-25	TRUE
FAM50A	1.04341532238706	0.10042132623069	10.3903758449685	2.74270178682191e-25	9.38571702485378e-25	TRUE
XRCC6	0.517657508194768	0.0498737828490168	10.3793512066625	3.07860208831768e-25	1.05099298597122e-24	TRUE
LRRC41	0.543701329770357	0.0523955512748895	10.3768605643228	3.15996042534949e-25	1.07777689155406e-24	TRUE
CSRP1	-1.09385782610478	0.105480310626313	-10.3702560184905	3.38616325908367e-25	1.15230316981465e-24	TRUE
UNC119B	-0.789246193675106	0.0764498206878437	-10.3237154328683	5.50507235127542e-25	1.86067377685658e-24	TRUE
PRPF31	0.896110055946469	0.0869395971852936	10.3072717721086	6.53295796349139e-25	2.20492352500129e-24	TRUE
EEA1	-0.909668417606917	0.0884820642975165	-10.2808227275101	8.59903973938877e-25	2.8915741757916e-24	TRUE
SMARCC2	-0.606938519048501	0.059556447969823	-10.1909791422758	2.17561800668351e-24	7.22733542789134e-24	TRUE
MVD	1.1786169593929	0.11636342421397	10.1287579611412	4.11847407715394e-24	1.35529401735599e-23	TRUE
SLC27A4	0.738920742812952	0.0735712981057659	10.0436007225356	9.80290276674746e-24	3.18642715870569e-23	TRUE
PGAM1	0.605119230455552	0.0603243269060523	10.0310979250204	1.1127233072009e-23	3.60906336412789e-23	TRUE
SETDB1	0.683762870650159	0.06824906832316	10.0186403631554	1.26227412001167e-23	4.08607586676471e-23	TRUE
RPL7L1	0.718801825357689	0.0718031271817001	10.0107314760642	1.36737751713122e-23	4.41761930049044e-23	TRUE
RBM10	0.60959972422349	0.0608963468709969	10.0104481721189	1.37129902742646e-23	4.42941959290536e-23	TRUE
DDX3X	-0.530646522707934	0.0531382340555408	-9.98615276061479	1.75252028820992e-23	5.64198466978547e-23	TRUE
BRCA1	1.11480082642596	0.111807229480044	9.9707400998156	2.04697756949674e-23	6.57580562561506e-23	TRUE
PHB	0.685477229965826	0.0687936254015871	9.96425505945224	2.18505742273895e-23	7.00844187382982e-23	TRUE
TOP1	0.521439579937103	0.0525507943915243	9.92258225541123	3.32052353748915e-23	1.06003141560337e-22	TRUE
GMNN	0.838370496954476	0.0848295515172432	9.88300046339466	4.93331946645245e-23	1.56828130606318e-22	TRUE
LDHA	0.787653790253452	0.0798109187516858	9.86899790872053	5.67284894349369e-23	1.79955314106166e-22	TRUE
SMARCA2	-0.695722361240658	0.0709362666742041	-9.8077104118824	1.04308366675572e-22	3.28358989494676e-22	TRUE
SH3GLB1	-0.620506063618817	0.0632700089272193	-9.80727005005795	1.04764443272594e-22	3.29731668075269e-22	TRUE
KDM3B	-0.518816319149122	0.0529447214150205	-9.79920765060316	1.13472236518963e-22	3.56320999000337e-22	TRUE
HMGN2	0.627848910430687	0.0640798162129473	9.79791996194632	1.14927846005645e-22	3.60754258516003e-22	TRUE
GLS	0.960146379530049	0.0980822049684632	9.78920059799603	1.25282448067071e-22	3.92807706077771e-22	TRUE
CLASP2	-0.671131117867742	0.0686217896401276	-9.78014594762607	1.37012829393489e-22	4.2909666443944e-22	TRUE
STAT6	-0.619024691371118	0.0636261138701539	-9.72909790835887	2.26593460866174e-22	7.01638683731345e-22	TRUE
HNRNPD	0.525509633668661	0.054306669585127	9.67670523129598	3.78724538848509e-22	1.16460447828542e-21	TRUE
APBB1	-0.915939018362828	0.094797251036444	-9.66208416751139	4.36883829963884e-22	1.34019486363921e-21	TRUE
ECI2	-1.07465095238746	0.111674113174156	-9.62309815446249	6.38776092838686e-22	1.94899498254116e-21	TRUE
C7orf50	0.954585897734192	0.0992234122316434	9.62057115618691	6.54666268664509e-22	1.99636841594416e-21	TRUE
DLGAP4	0.573194217954982	0.0597022040056972	9.60088873603868	7.92580329005235e-22	2.40978956383479e-21	TRUE
AGFG2	-0.669046276828294	0.0696960761314274	-9.59948269636671	8.03466543091428e-22	2.44243743125098e-21	TRUE
CEP170	0.816129265211452	0.0861005432061697	9.47879345264073	2.57240138857071e-21	7.69757108224494e-21	TRUE
SREK1	-0.55947055203194	0.0591118675567382	-9.46460626531442	2.94669091116785e-21	8.79999260685546e-21	TRUE
CTDP1	0.662087399977479	0.0701255083772562	9.44146310377715	3.67609920922531e-21	1.0944553548782e-20	TRUE
TEX10	0.527013368085791	0.0558251372556633	9.44043121062505	3.71248407907333e-21	1.10468874828516e-20	TRUE
OGFR	0.838061129929527	0.088983390781747	9.41817481405122	4.58997021289918e-21	1.36014107424529e-20	TRUE
CDYL	0.566060122987672	0.060156031000362	9.40986487263872	4.96775151389941e-21	1.47023659560355e-20	TRUE
ALG9	-0.645070319402099	0.068582230810185	-9.40579377167622	5.16389436427476e-21	1.52691414071669e-20	TRUE
BOD1L1	-0.727049397688099	0.0773138731393741	-9.40386722545181	5.25936508868497e-21	1.55486472020423e-20	TRUE
STK38L	1.12210032881359	0.119325929039932	9.40365885136401	5.2697951881093e-21	1.55766859383586e-20	TRUE
TBL3	0.735603007785343	0.0785615948615925	9.36339198664828	7.72170755040602e-21	2.26978504520771e-20	TRUE
ZFHX4	-1.5182804817147	0.162260074101585	-9.35707992321119	8.19707755153954e-21	2.40522587386318e-20	TRUE
NACAD	-1.31072699583619	0.140093588249788	-9.35608126118632	8.27489456867242e-21	2.4271943153247e-20	TRUE
NFIC	-0.626804905651577	0.0673019854922143	-9.31331967500554	1.23898072709121e-20	3.6199956765456e-20	TRUE
STRN3	-0.63722686823293	0.0685570019906122	-9.29484734936612	1.4741758426969e-20	4.29346544069507e-20	TRUE
THUMPD1	-0.5269006148723	0.0567256811131349	-9.28857273342277	1.56371043211098e-20	4.54859913187979e-20	TRUE
THOC5	0.576042645217278	0.0620735774701495	9.27999752381422	1.69482503801906e-20	4.92303473294407e-20	TRUE
HEXIM1	-0.56629015847936	0.0610332684630509	-9.27838493234534	1.72066874939452e-20	4.9972226272098e-20	TRUE
HMG20B	0.782603690719776	0.0849341260617347	9.2142431671215	3.13481898296358e-20	9.00733976486847e-20	TRUE
SCAF1	0.714449852603373	0.077595187396293	9.20739902275827	3.34122701825137e-20	9.5887043062993e-20	TRUE
ZNF512B	0.613477932808504	0.066692283295231	9.1986344221082	3.6252743654671e-20	1.03911911185634e-19	TRUE
DDX21	0.697377162451932	0.0761600608277351	9.15673063903292	5.34933869651125e-20	1.52268902878912e-19	TRUE
PRKRIP1	0.658083944079662	0.0719575360276811	9.14544855769527	5.93829065824204e-20	1.68654419229513e-19	TRUE
RNF113A	0.628757297193677	0.068825712087571	9.13550006418636	6.51051820343691e-20	1.84619774851034e-19	TRUE
ACADVL	-0.757726033176763	0.0836227560773982	-9.06124204367815	1.28973461555938e-19	3.62671788156015e-19	TRUE
SYMPK	0.559702139562946	0.0618909012451529	9.0433670911648	1.51918669945886e-19	4.26247186573334e-19	TRUE
EPB41L2	-1.00184144347647	0.110916606191703	-9.03238458040216	1.67970936157077e-19	4.70724541473552e-19	TRUE
PSPC1	0.543126188739956	0.0601678528103372	9.02685010967591	1.76684181675916e-19	4.95058434517153e-19	TRUE
PCBP4	0.782167700580277	0.0866576877639515	9.02594704246942	1.78147708456879e-19	4.99074228506197e-19	TRUE
SAFB	0.510126074637685	0.0567060355103943	8.99597494422225	2.34144706113027e-19	6.5339109906172e-19	TRUE
PNKP	0.675182413426478	0.075097083698059	8.99079405188579	2.45450604840478e-19	6.84244982208931e-19	TRUE
PA2G4	0.63871702868069	0.0711791800603795	8.97336873140268	2.87581421117674e-19	7.9939285306292e-19	TRUE
C1orf198	0.701582683156883	0.0785654243187515	8.92991655350143	4.26330251210713e-19	1.1787072274491e-18	TRUE
NOP2	1.00862235717993	0.112983830919108	8.92713894523603	4.37168180597714e-19	1.20846876446241e-18	TRUE
TLN1	-0.629971751654383	0.0705691829469945	-8.9270092885667	4.37680682377481e-19	1.20968240965256e-18	TRUE
CHERP	0.622079067297552	0.0698189310974706	8.90989102123462	5.10827501409003e-19	1.4080677043358e-18	TRUE
DDX10	0.553330925088925	0.0624154244945919	8.865291385415	7.6304255520518e-19	2.08721291637271e-18	TRUE
MYBBP1A	0.63170921777221	0.0715568388834822	8.82807608090176	1.06491612631472e-18	2.90090551729108e-18	TRUE
PSMA1	0.664591205265196	0.0755627216377119	8.79522588468427	1.42760494996349e-18	3.87160255452056e-18	TRUE
PRRC2C	0.613720468418013	0.0699416080463541	8.77475490714008	1.71276484702853e-18	4.62817504693451e-18	TRUE
PIN4	0.619684651046207	0.0712430307061614	8.69817924509791	3.3725153636225e-18	9.01253010268935e-18	TRUE
MAPK13	0.770990124881957	0.0897540573677822	8.59003088543058	8.69459502467588e-18	2.28529762603891e-17	TRUE
CDC5L	0.538349557974864	0.0629049629027081	8.55814125202651	1.14701776872739e-17	3.00285240025976e-17	TRUE
PCF11	-0.535470824325159	0.0626147398573263	-8.55183341087547	1.21148546524036e-17	3.1696109240726e-17	TRUE
RPS19	0.889134709559779	0.104032548798848	8.54669735410372	1.26660756900018e-17	3.31119651353008e-17	TRUE
CHMP4B	0.57880462821388	0.0678088771426634	8.53582381250954	1.39160284662342e-17	3.63277173039758e-17	TRUE
LYSMD3	-0.562066619918776	0.0658832722326694	-8.53124929699629	1.44775671536042e-17	3.77696606968314e-17	TRUE
TUFM	0.62419296870045	0.0733104575185206	8.51437830056862	1.67486413274271e-17	4.36461270357244e-17	TRUE
PQBP1	0.801819602767485	0.0943352119071558	8.49968518178166	1.90105560955851e-17	4.94466635959563e-17	TRUE
AFG3L2	0.621137355922137	0.0733099891217998	8.47275198595592	2.39662496818091e-17	6.21108330988904e-17	TRUE
LRPPRC	0.55805696406318	0.0664814422110061	8.39417656271592	4.69170657558578e-17	1.20340081277525e-16	TRUE
NBN	0.553344630256096	0.066057420753756	8.37672170578402	5.4422326198733e-17	1.39200441987347e-16	TRUE
ZNF608	-0.916273624592271	0.109573353729727	-8.36219384917564	6.15625804380366e-17	1.57195070875042e-16	TRUE
MRPL39	0.555825486932757	0.0666556790966686	8.33875664407622	7.50757384512673e-17	1.90871110865681e-16	TRUE
SF3A2	0.713221090698868	0.0858782575287857	8.30502517426837	9.97982857607245e-17	2.52594277839202e-16	TRUE
RRP15	0.500504586299556	0.0602852626732366	8.30227097147166	1.02139919570112e-16	2.58441618863098e-16	TRUE
RPL22	-0.600408918455886	0.072575830029327	-8.27284949015764	1.30794769482891e-16	3.29427572510671e-16	TRUE
KCTD16	-1.37085938769079	0.165937631022502	-8.26129298847763	1.4410289140733e-16	3.62225967456038e-16	TRUE
SUGP1	0.512689795842362	0.062428551679394	8.2124249570183	2.16765532675056e-16	5.41075947636827e-16	TRUE
EPB41L3	-1.0420353567662	0.12728882037805	-8.18638552601349	2.69188470250444e-16	6.68989818837016e-16	TRUE
HSPA8	0.560189125449325	0.0684318480056256	8.18608793676408	2.69854586066027e-16	6.70442889068991e-16	TRUE
EEF1A1	-0.535045740519094	0.0654310358983355	-8.17724697726672	2.90402388658167e-16	7.20406166621577e-16	TRUE
TRAP1	0.626224928053104	0.0769841737512455	8.13446319598867	4.13767651217262e-16	1.0210567829454e-15	TRUE
CSRP2	0.897581754295766	0.111147151200816	8.07561637521463	6.71366425073271e-16	1.6434355465559e-15	TRUE
KPNA5	-0.686354874835491	0.0859176762191067	-7.98851767225585	1.36570892007063e-15	3.31112025718537e-15	TRUE
REXO2	0.506413364329588	0.063482049677962	7.97726864363345	1.49606971351928e-15	3.61812013107975e-15	TRUE
NHLRC2	-0.560219671452587	0.0702902188175792	-7.97009428732179	1.58553352813915e-15	3.82998101919722e-15	TRUE
CAST	-0.648880819960906	0.0816676653452595	-7.94538226625785	1.93592847680445e-15	4.66134438185975e-15	TRUE
HSP90AA1	0.542672060107518	0.0685902549887032	7.91179534464329	2.53703217757468e-15	6.0846648511684e-15	TRUE
AFF4	-0.638355278498381	0.0807278285758989	-7.90749967835702	2.62609813331545e-15	6.29186060836687e-15	TRUE
POLA1	0.540090421684317	0.0683256229905665	7.90465418454927	2.6867843252819e-15	6.43164376863163e-15	TRUE
ME1	-1.17246477418327	0.148339913637614	-7.90390627466272	2.70296294694431e-15	6.46943180920523e-15	TRUE
QSER1	0.676804888609081	0.0857790448833106	7.89009587982439	3.01954459721409e-15	7.21143450069971e-15	TRUE
NUDC	0.620398152207006	0.0787003294177662	7.8830439058741	3.19500740168362e-15	7.62274512945874e-15	TRUE
PRDM2	-0.521481651750885	0.0662827832976181	-7.86752797343114	3.61717404824156e-15	8.61373898082339e-15	TRUE
GSE1	-0.606163599886543	0.077179862568869	-7.85390877504676	4.032676525415e-15	9.58517383718373e-15	TRUE
ELOF1	0.604348926184999	0.0774555967316028	7.80252107900187	6.06824891860471e-15	1.4328341689513e-14	TRUE
PHB2	0.66703606194705	0.0858456664371556	7.77017745485571	7.837624600404e-15	1.8416404722439e-14	TRUE
SART1	0.712127546808917	0.09165866321737	7.76934249106486	7.88945800557164e-15	1.85355549975386e-14	TRUE
SERF2	0.777142008502098	0.100075754692057	7.76553732613298	8.1299817484049e-15	1.90951946157443e-14	TRUE
PDCD4	-0.758969196317518	0.0979442774978954	-7.74898968787458	9.26265397375908e-15	2.17183714916547e-14	TRUE
MYL6B	0.72080412659981	0.0930808097534774	7.74385320141546	9.64483584076059e-15	2.25983938232505e-14	TRUE
RPL30	0.636255012669076	0.0823611165822765	7.7251868244583	1.11689411606374e-14	2.61026048952905e-14	TRUE
PWP2	1.67020949867193	0.216248140952325	7.72357853027813	1.13108410200898e-14	2.64304837629939e-14	TRUE
PRR15	-1.44068674924783	0.188186191723329	-7.6556453800071	1.92343816283575e-14	4.45788264988265e-14	TRUE
SCAF11	-0.507055287289156	0.0667586208779077	-7.59535293900829	3.06954653608536e-14	7.05657166127566e-14	TRUE
RPL28	0.778453004183151	0.102493718091779	7.59512893742497	3.07486112388291e-14	7.06780264195699e-14	TRUE
WBP11	0.54946890221072	0.0724158973126501	7.58768340380331	3.25675460826848e-14	7.47546391613564e-14	TRUE
GOT2	0.513068278793591	0.0676880796657254	7.57989119099487	3.45844885333485e-14	7.92627380206889e-14	TRUE
LDHB	0.962390482812797	0.127108541023529	7.57140688629766	3.69203661218332e-14	8.44986336244931e-14	TRUE
DSP	1.01038982098205	0.133955354436929	7.54273560194097	4.6021363157452e-14	1.04846954498307e-13	TRUE
TXNRD1	0.569015279799906	0.0755821578789798	7.52843390249586	5.13525011984085e-14	1.1675019152757e-13	TRUE
TAGLN	-1.08715494830341	0.144432608482514	-7.52707411245726	5.18899209432426e-14	1.17955732768136e-13	TRUE
THAP4	0.525386933041178	0.0698066641030099	7.52631485535383	5.2192398364047e-14	1.18610574642667e-13	TRUE
SLC6A7	1.50472309097628	0.200048411399499	7.52179475182801	5.40293576798311e-14	1.2268359527217e-13	TRUE
XRCC1	0.539124905111249	0.0718499259370166	7.50348588506333	6.21426777223697e-14	1.40795744916657e-13	TRUE
NDUFAF4	0.565373156450898	0.0753885529082985	7.49945627870864	6.40830923091494e-14	1.45052409766978e-13	TRUE
ACAA2	-0.718429772062632	0.0961432968065669	-7.47248946026949	7.86916738872872e-14	1.77387514565634e-13	TRUE
TTC33	-0.511100555577201	0.0685990394538931	-7.4505497401421	9.29520870280858e-14	2.08847321202277e-13	TRUE
LPP	-0.705324701689766	0.094782378342499	-7.4415172316214	9.95353967948518e-14	2.23273311404553e-13	TRUE
NPM1	0.530985563685871	0.0714400129512227	7.43260732677098	1.0647764236052e-13	2.38456050149691e-13	TRUE
CARHSP1	0.525949582784859	0.0707832274324219	7.43042669659268	1.08247911989231e-13	2.42288754482352e-13	TRUE
GTF2E2	0.52542524391961	0.0709503838229664	7.40553067662943	1.3062703781158e-13	2.91192017279448e-13	TRUE
SYNE2	-0.684252360502053	0.092579224232409	-7.39099259229392	1.45736739451686e-13	3.24216007639951e-13	TRUE
CTTN	0.512194920485128	0.0694097814081301	7.37929021089143	1.59135615767422e-13	3.53689591691474e-13	TRUE
CFDP1	0.522720057396836	0.0709171511811451	7.37085526830655	1.69536824149465e-13	3.76349809014458e-13	TRUE
RPS3A	-0.607608173992346	0.0828830753547443	-7.33090768400845	2.28599099226123e-13	5.05145110971091e-13	TRUE
DDX52	0.51025036386375	0.0697466691018164	7.31576676613596	2.55915827047206e-13	5.63843447148293e-13	TRUE
EEF2	-0.548200821931941	0.0758845269006572	-7.22414495183726	5.04264487541364e-13	1.09692514086442e-12	TRUE
MAP4	-0.505837934719262	0.0701786870829949	-7.20785691133045	5.68393100299704e-13	1.23397879797432e-12	TRUE
RBBP4	0.501166557870364	0.0696650133976163	7.19394906321101	6.29436858445365e-13	1.36452563823326e-12	TRUE
ERF	0.603192815496839	0.084125295913023	7.17017169390381	7.49037668407643e-13	1.62060219230964e-12	TRUE
TRPS1	0.846656110328292	0.1184254026936	7.14927786666538	8.72355882631344e-13	1.88419259172224e-12	TRUE
CEP290	-0.580534938961997	0.0813579219950499	-7.13556743739496	9.63886871419827e-13	2.0780734631671e-12	TRUE
PSIP1	0.611670139471748	0.0858170753556856	7.1276041153414	1.02131015825735e-12	2.20014578440918e-12	TRUE
RB1	-0.715558458004487	0.100796474249024	-7.09904253433167	1.25624146226282e-12	2.6970701641567e-12	TRUE
FKBP5	-0.930613627413941	0.131161489579437	-7.09517428017863	1.29188578746053e-12	2.77215054236545e-12	TRUE
PTPN11	-0.550020363575148	0.0782778997035989	-7.02650895920577	2.11764989087645e-12	4.50243263435281e-12	TRUE
DLG3	0.588028421375891	0.0837847191983257	7.01832538203031	2.24543148129889e-12	4.77041932686736e-12	TRUE
VIM	-0.801783658798628	0.114342785408786	-7.01210536311649	2.34758298776183e-12	4.98165580663326e-12	TRUE
SLC25A4	-0.5424949047451	0.0782748491409368	-6.9306413324198	4.1893698416946e-12	8.80040224303928e-12	TRUE
RPL9	-0.599078757875454	0.086441593585134	-6.93044555322129	4.19517209207536e-12	8.80921943894479e-12	TRUE
PLIN3	0.517320036303205	0.0750306144784991	6.89478608030658	5.39459195933103e-12	1.12860812850088e-11	TRUE
SMARCA1	-0.723578851933862	0.105044489754534	-6.88830850266117	5.64596690471503e-12	1.1805985653326e-11	TRUE
TESK2	-0.61609802856543	0.0898658636708086	-6.85575148782061	7.09386046932251e-12	1.47567711405171e-11	TRUE
PPP2R5D	0.54979700635068	0.0802268395212767	6.85303085141314	7.23014851351712e-12	1.50326837843544e-11	TRUE
RPS21	0.660683347610957	0.09666109502611	6.83504927636598	8.1976845678698e-12	1.70078457577311e-11	TRUE
ESRRA	0.671868544317006	0.0986330840823655	6.81179698037171	9.63870699600908e-12	1.99322602164111e-11	TRUE
RPL21	-0.530697464205869	0.0779253565063267	-6.81033091151507	9.73745017835456e-12	2.01339266809348e-11	TRUE
CS	-0.505678240916803	0.0743072427274157	-6.80523489172924	1.0088449612998e-11	2.08439773873574e-11	TRUE
BTAF1	-0.576028080511642	0.0847504153126024	-6.79675820333103	1.06999454086571e-11	2.20824666053837e-11	TRUE
DUS3L	0.61856286414385	0.0925625253266111	6.68264896577987	2.3466122163854e-11	4.76410595083448e-11	TRUE
ETFA	-0.54080593623805	0.0810913648618571	-6.66909401709218	2.57387336595946e-11	5.21520520699575e-11	TRUE
FLYWCH2	0.586558424011467	0.0893729674576299	6.56304071238928	5.27214452772662e-11	1.05346928695637e-10	TRUE
NUP153	0.526407263729963	0.0809455495390118	6.50322675833167	7.86151531302499e-11	1.55932995253653e-10	TRUE
PGAM4	0.926534767115531	0.142839427815713	6.48654773604187	8.78254621583853e-11	1.73845640745538e-10	TRUE
RPL18A	0.657260743530678	0.102344189834619	6.42206210819359	1.34440544705015e-10	2.64022951658614e-10	TRUE
USP13	0.513460714697458	0.0802069438826802	6.40169902806052	1.53657340122914e-10	3.01259128444342e-10	TRUE
ALDOA	0.675368046876342	0.106342249094051	6.3508911333917	2.1407117250888e-10	4.16975395990505e-10	TRUE
CENPV	0.850572077596949	0.135588550889224	6.27318510315716	3.53735944860503e-10	6.81044055187409e-10	TRUE
JPH2	-1.21707443434396	0.19502742956688	-6.24052953498314	4.36092040741546e-10	8.35111947306784e-10	TRUE
TSSC4	0.598471933208067	0.0974980891962103	6.13829397213796	8.34124003182121e-10	1.57915842267188e-09	TRUE
ARHGAP5	-0.774692959362037	0.126749988918903	-6.11197654508435	9.84046495251796e-10	1.85425033039379e-09	TRUE
SARS2	0.534340056904972	0.0877456776962453	6.08964533563385	1.13161095675315e-09	2.12646783348785e-09	TRUE
MBD3	0.51272470595066	0.0842172378989842	6.08812065964045	1.14243761905159e-09	2.14558853477674e-09	TRUE
RGPD4	-0.801227130358472	0.131937784829081	-6.07276476103052	1.25726566778012e-09	2.35667544124476e-09	TRUE
RPS7	0.520025265304933	0.0863187991848192	6.02447288674041	1.69661641840685e-09	3.1615007991293e-09	TRUE
NOSIP	0.518355809966142	0.0866098041749436	5.98495533968778	2.1644924377025e-09	4.01381722653683e-09	TRUE
PTRHD1	0.5093702270199	0.0853130944692839	5.97059841972199	2.36384932309238e-09	4.37365244981598e-09	TRUE
NEFL	1.70147206092012	0.28597357549813	5.94975272787484	2.68547884895465e-09	4.95371123622004e-09	TRUE
NFIA	-0.88563383920554	0.148945657148844	-5.94601988509482	2.74740786140802e-09	5.06624470927278e-09	TRUE
LENG8	-0.512292376368438	0.0864612195894385	-5.92511161421341	3.12085345805958e-09	5.73561315779766e-09	TRUE
FABP5	0.957449076672519	0.166924126572343	5.73583397638788	9.70336785681068e-09	1.74152979289484e-08	TRUE
RGPD2	1.27520005041148	0.226046847986973	5.64130870112807	1.68762473059422e-08	2.99268968756139e-08	TRUE
JMJD1C	-0.507407835268039	0.0910330118610545	-5.57388825102817	2.49115566839746e-08	4.38080525325726e-08	TRUE
SHROOM2	0.668651841117797	0.121361160365171	5.50960322978002	3.59643431985446e-08	6.27157512920082e-08	TRUE
AK4	-0.656934043600776	0.122948736030301	-5.3431541048041	9.13430431966778e-08	1.56323622149209e-07	TRUE
EDF1	0.500212414836981	0.0963721421837697	5.19042540201232	2.09814169883903e-07	3.52408194153226e-07	TRUE
ECHDC1	-0.50572428323569	0.0974588346899866	-5.18910660941496	2.11305401112512e-07	3.54804327533367e-07	TRUE
S100A10	0.608789950810678	0.118096809984894	5.15500758139486	2.5362066785746e-07	4.2382499874252e-07	TRUE
ECI1	0.501174181985168	0.0996670676848766	5.02848326560345	4.94374648218663e-07	8.13679893275035e-07	TRUE
MACROD1	0.592552362888046	0.119764001127137	4.94766672214814	7.5108364593589e-07	1.22638516585288e-06	TRUE
RPL36	0.542122652338795	0.112154304798165	4.8337213031137	1.34004156052564e-06	2.15977922845998e-06	TRUE
RBM20	-0.825255236649757	0.172883655940597	-4.77347168626115	1.81077016679429e-06	2.9005790210702e-06	TRUE
BLNK	0.503368753444126	0.10764781273631	4.67607042492502	2.92424218701098e-06	4.63504630797091e-06	TRUE
ZNF516	-0.543967049328604	0.119865869286429	-4.53813126761505	5.67549292105256e-06	8.84435903576914e-06	TRUE
PSMA8	1.20578414013697	0.270367421274741	4.45979820516794	8.20368568769847e-06	1.26880898111516e-05	TRUE
ARL6IP4	0.682980924589812	0.162523064879569	4.20236306210388	2.64143038631655e-05	3.96503502018912e-05	TRUE
OCLN	0.505871986178132	0.133883289957077	3.77845499868067	0.000157804361166555	0.000225922832144816	TRUE
