Cluster	ID	Description	GeneRatio	BgRatio	RichFactor	FoldEnrichment	zScore	pvalue	p.adjust	qvalue	geneID	Count
CENPA	GO:0007059	chromosome segregation	72/380	367/13057	0.196185286103542	6.74102968593145	19.3143740319303	8.42815704575533e-40	4.46945168136405e-36	4.46945168136405e-36	NEK2/SMC6/SGO2/CDC20/CDCA8/KIF23/FBXO5/C9orf78/ZWINT/KIF11/PPP1CC/TACC3/CENPE/KIF18A/BUB1B/GEN1/ECT2/SKA3/HAUS8/NDC80/CENPL/PTTG1/TPX2/CDC6/BUB1/RACGAP1/NCAPG/HASPIN/KIF2C/UBE2C/TRIP13/DLGAP5/SGO1/RAN/TUBG1/NCAPD2/ACTL6A/KIF14/SKA1/KIFC1/BCCIP/PSRC1/NCAPH/DYNLL1/KIF15/HJURP/ZWILCH/CDCA2/CENPU/AURKB/RCC1/KNSTRN/NUP37/SPC25/CENPO/NCAPG2/CENPI/TTK/STIL/CCNB1/MAD2L1/PLK1/CDK1/MKI67/CENPM/BIRC5/KIF4A/KIF18B/HSPA1B/NUF2/ESPL1/SPAG5	72
CENPA	GO:0000280	nuclear division	68/380	340/13057	0.2	6.87210526315789	18.9945749172962	4.12330616631599e-38	1.09329462999868e-34	1.09329462999868e-34	NEK2/SGO2/RAD54L/CDC20/CDCA8/RAD51AP1/CHEK1/KIF23/FBXO5/C9orf78/ZWINT/KIF11/PPP1CC/RAD51/CENPE/ANLN/KIF18A/BUB1B/GEN1/CDC25C/SKA3/NDC80/PTTG1/TPX2/BUB1/AURKA/RACGAP1/NCAPG/BORA/HASPIN/KIF2C/UBE2C/TRIP13/DLGAP5/SGO1/RAN/TUBG1/NCAPD2/KIF14/SKA1/KIFC1/BCCIP/PSRC1/NCAPH/DYNLL1/KIF15/ZWILCH/CDCA2/AURKB/RCC1/KNSTRN/SPC25/EME1/NCAPG2/CENPI/TTK/CCNB1/MAD2L1/PLK1/CDK1/MKI67/BIRC5/KIF4A/KIF18B/HSPA1B/NUF2/ESPL1/SPAG5	68
CENPA	GO:0044770	cell cycle phase transition	68/380	473/13057	0.143763213530655	4.93977968176255	15.1106023041142	7.46025063632141e-29	4.94521364055156e-26	4.94521364055156e-26	NEK2/CDKN3/FOXM1/CDC20/CDCA8/CHEK1/FBXO5/CDC25A/ZWINT/CCNA2/RAD51/TACC3/CENPE/ANLN/BUB1B/GEN1/CDC25C/CCNE1/MELK/EZH2/SKA3/NDC80/ORC1/CDC6/PSMA4/TICRR/TFDP1/BUB1/AURKA/H2AX/HASPIN/TCF3/UBE2C/TRIP13/DLGAP5/DBF4/DBF4B/ACTL6A/CDK2/KIF14/SKA1/CCNF/DYNLL1/ZWILCH/TIPIN/MASTL/AURKB/E2F1/RCC1/SPC25/NPM1/EME1/PRPF19/TTK/RFC4/STIL/CCNB1/MAD2L1/PLK1/CPSF3/CCNB2/RRM2/CDK1/BIRC5/RHNO1/NUF2/ESPL1/CUL2	68
CENPA	GO:0051983	regulation of chromosome segregation	36/380	129/13057	0.27906976744186	9.5889840881273	16.9730388564832	9.7225655691294e-26	4.29656376775777e-23	4.29656376775777e-23	SMC6/CDC20/CDCA8/FBXO5/C9orf78/ZWINT/TACC3/CENPE/BUB1B/GEN1/SKA3/NDC80/CDC6/BUB1/NCAPG/HASPIN/KIF2C/UBE2C/TRIP13/DLGAP5/ACTL6A/SKA1/NCAPH/DYNLL1/ZWILCH/AURKB/SPC25/NCAPG2/TTK/CCNB1/MAD2L1/PLK1/CDK1/BIRC5/NUF2/ESPL1	36
CENPA	GO:0051052	regulation of DNA metabolic process	51/380	444/13057	0.114864864864865	3.94681721194879	10.9376521874664	2.30146470344255e-17	2.44093346447116e-15	2.44093346447116e-15	HNRNPA2B1/NEK2/SMC6/FOXM1/POLE3/CCT7/HMGB1/RAD51AP1/CHEK1/TAF5/DSCC1/FBXO5/CDC25A/CCNA2/KPNA2/RAD51/FAF1/HNRNPC/CCT6A/CGAS/CCT4/SUPT7L/USP1/CDC6/TICRR/CEBPG/H2AX/CCT3/WRNIP1/PCNA/LRR1/DBF4/DBF4B/ACTL6A/CDK2/HNRNPD/SMG5/DYNLL1/AUNIP/TIPIN/DKC1/GMNN/AURKB/CHRAC1/CCT8/NSMCE4A/SSBP1/RFC4/PLK1/CDK1/CUL2	51
CENPA	GO:0050000	chromosome localization	26/380	110/13057	0.236363636363636	8.12157894736842	12.9860384825421	6.30499703348058e-17	6.55596064089167e-15	6.55596064089167e-15	NEK2/CDCA8/ZWINT/CENPE/KIF18A/ECT2/SKA3/NDC80/RACGAP1/KIF2C/DLGAP5/SGO1/KIF14/SKA1/KIFC1/PSRC1/ZWILCH/AURKB/KNSTRN/SPC25/TTK/CCNB1/CDK1/BIRC5/NUF2/SPAG5	26
CENPA	GO:0006260	DNA replication	37/380	286/13057	0.129370629370629	4.44524291497976	10.1995036155632	1.82544230523727e-14	1.61338675744554e-12	1.61338675744554e-12	POLE3/CHEK1/MGME1/DSCC1/FBXO5/CDC25A/CCNA2/RAD51/FAF1/GEN1/GINS4/SSRP1/ORC1/USP1/CDC6/TICRR/WRNIP1/POLE2/PCNA/LRR1/DBF4/TRAIP/DBF4B/ACTL6A/CDK2/GINS1/DYNLL1/TIPIN/GMNN/CHRAC1/EME1/SSBP1/RFC4/MCM10/NASP/CDK1/CUL2	37
CENPA	GO:0140694	membraneless organelle assembly	38/380	372/13057	0.102150537634409	3.50994623655914	8.50313896928482	1.37479605391228e-11	1.02683710899955e-09	1.02683710899955e-09	NEK2/CDCA8/PLK4/KIF23/KIF11/CENPE/ANLN/MIS18A/LSM14B/SKA3/CNTROB/HAUS8/NDC80/TPX2/RACGAP1/WDR62/DLGAP5/CDK2/MRTO4/SKA1/KIFC1/BCCIP/KIF15/HJURP/AURKB/RCC1/CENPO/NPM1/CENPI/BRIX1/STIL/OIP5/NASP/PLK1/BIRC5/KIF4A/HSPA1B/SPAG5	38
CENPA	GO:0006403	RNA localization	23/380	183/13057	0.12568306010929	4.3185360943342	7.82715550079472	3.387431167204e-09	2.11335852702151e-07	2.11335852702151e-07	HNRNPA2B1/CKAP5/CCT7/SRSF7/NDC1/EIF4A3/NUP205/CCT6A/CCT4/CCT3/NUP210/RAN/NUP107/NOP58/SMG5/PNPT1/SRSF3/DKC1/SLBP/NUP37/CCT8/ALYREF/SRSF1	23
CENPA	GO:0032200	telomere organization	20/380	173/13057	0.115606936416185	3.97231518101612	6.81367127092866	1.48498853604052e-07	7.79692495705235e-06	7.79692495705235e-06	HNRNPA2B1/NEK2/SMC6/CCT7/RAD51/HNRNPC/CCT6A/CCT4/DSP/CCT3/PCNA/ACTL6A/CDK2/HNRNPD/SMG5/DKC1/AURKB/CCT8/NSMCE4A/DCLRE1C	20
CENPA	GO:1904867	protein localization to Cajal body	6/380	12/13057	0.5	17.1802631578947	9.70829100776883	4.65432488263583e-07	2.1842375975768e-05	2.1842375975768e-05	CCT7/CCT6A/CCT4/CCT3/DKC1/CCT8	6
CENPA	GO:1904872	regulation of telomerase RNA localization to Cajal body	6/380	12/13057	0.5	17.1802631578947	9.70829100776883	4.65432488263583e-07	2.1842375975768e-05	2.1842375975768e-05	CCT7/CCT6A/CCT4/CCT3/DKC1/CCT8	6
CENPA	GO:0000281	mitotic cytokinesis	14/380	100/13057	0.14	4.81047368421053	6.62239926912053	1.12092021274812e-06	5.08054691299424e-05	5.08054691299424e-05	CEP55/CDCA8/KIF23/ANLN/KIF20A/ECT2/CNTROB/RACGAP1/CIT/AURKB/PLK1/BIRC5/KIF4A/ESPL1	14
CENPA	GO:0051382	kinetochore assembly	8/380	30/13057	0.266666666666667	9.16280701754386	7.74937315250019	1.59614482267286e-06	6.9953355327555e-05	6.9953355327555e-05	CENPE/MIS18A/DLGAP5/HJURP/CENPO/CENPI/OIP5/NASP	8
CENPA	GO:0032886	regulation of microtubule-based process	21/380	226/13057	0.0929203539823009	3.19279226828132	5.75718363413559	2.7771209194762e-06	0.000115961198708522	0.000115961198708522	CKAP5/PLK4/TACC3/GEN1/STMN2/SKA3/HAUS8/TPX2/AURKA/BORA/WDR62/SKA1/PSRC1/CCNF/AURKB/RCC1/NPM1/STIL/PLK1/HSPA1B/SPAG5	21
CENPA	GO:0006397	mRNA processing	32/380	453/13057	0.0706401766004415	2.42723364703149	5.35277025151952	3.34260741191137e-06	0.000135311809964626	0.000135311809964626	HNRNPA2B1/RRP1B/SNRNP40/SRSF7/CSTF2/C9orf78/DDX20/RBM28/HNRNPC/TRMT10C/TARDBP/EIF4A3/NCL/GEMIN6/SF3B6/USP39/SNRPG/EFTUD2/HNRNPH3/PNPT1/SRSF3/TRMT6/SLBP/GEMIN2/PRPF19/SF3B4/CCNB1/CPSF3/RBM17/PUS7/ALYREF/SRSF1	32
CENPA	GO:0006402	mRNA catabolic process	22/380	252/13057	0.0873015873015873	2.99972848788638	5.54970804138698	4.49401086172533e-06	0.000170886269353626	0.000170886269353626	SERBP1/SUPV3L1/CSTF2/HNRNPC/TARDBP/EXOSC9/EIF4A3/LSM14B/SNRPG/LARP4B/MRTO4/HNRNPD/SMG5/PNPT1/ELAVL1/E2F1/NPM1/PAIP1/CPSF3/HSPA1B/ALYREF/SRSF1	22
CENPA	GO:0034080	CENP-A containing chromatin assembly	5/380	11/13057	0.454545454545455	15.6184210526316	8.3974368389699	8.13121879405598e-06	0.00029135035989783	0.00029135035989783	MIS18A/HJURP/CENPI/OIP5/NASP	5
CENPA	GO:0022613	ribonucleoprotein complex biogenesis	31/380	464/13057	0.0668103448275862	2.29563861161525	4.92002029790003	1.46065989233459e-05	0.000493368115226137	0.000493368115226137	RRP1B/SNRNP40/PNO1/DDX20/EXOSC9/EIF4A3/GEMIN6/SF3B6/USP39/LYAR/SNRPG/WDR43/EFTUD2/RRP36/RAN/NOL10/MRTO4/RIOK1/NOP58/MTIF2/NOLC1/DKC1/GEMIN2/NPM1/UTP11/TEX10/PRPF19/SF3B4/BRIX1/RPS27A/SRSF1	31
CENPA	GO:0006913	nucleocytoplasmic transport	21/380	266/13057	0.0789473684210526	2.71267313019391	4.88597990986488	3.40102796675473e-05	0.00106092066515884	0.00106092066515884	HNRNPA2B1/CSE1L/NDC1/KPNA2/TARDBP/EIF4A3/NUP205/ECT2/GPN1/NUP210/RAN/NUP107/ASF1B/SMG5/SRSF3/ANP32B/ELAVL1/NUP37/NPM1/CDK1/ALYREF	21
CENPA	GO:0031507	heterochromatin formation	15/380	173/13057	0.0867052023121387	2.97923638576209	4.53715884041393	0.000161192091274991	0.0045227601059856	0.0045227601059856	POLE3/HMGB1/PHF19/LMNB1/H2AZ1/MIS18A/EZH2/E2F6/TFDP1/H2AX/CDK2/CBX3/SMYD5/OIP5/SUV39H2	15
CENPA	GO:0046112	nucleobase biosynthetic process	5/380	19/13057	0.263157894736842	9.04224376731302	6.07347388988875	0.000168790995844614	0.00468638037153921	0.00468638037153921	GART/PAICS/GMPS/CAD/CTPS1	5
CENPA	GO:0042770	signal transduction in response to DNA damage	15/380	179/13057	0.0837988826815642	2.87937371361364	4.38332908454082	0.000234567569374846	0.00628238293128692	0.00628238293128692	FOXM1/CHEK1/RAD51/TICRR/H2AX/GTSE1/DBF4/CDK2/TIPIN/E2F1/EME1/PRPF19/PLK1/CDK1/RHNO1	15
CENPA	GO:0045814	negative regulation of gene expression, epigenetic	16/380	200/13057	0.08	2.74884210526316	4.31503577365443	0.000249562273028069	0.00665039564757714	0.00665039564757714	POLE3/HMGB1/CHEK1/PHF19/LMNB1/H2AZ1/MIS18A/EZH2/E2F6/TFDP1/H2AX/CDK2/CBX3/SMYD5/OIP5/SUV39H2	16
CENPA	GO:0141188	nucleic acid catabolic process	23/380	352/13057	0.0653409090909091	2.24514802631579	4.10009203452288	0.000260029851140278	0.00689469150298447	0.00689469150298447	SERBP1/SUPV3L1/CSTF2/HNRNPC/TARDBP/EXOSC9/EIF4A3/LSM14B/SNRPG/LARP4B/MRTO4/HNRNPD/SMG5/PNPT1/DKC1/ELAVL1/E2F1/NPM1/PAIP1/CPSF3/HSPA1B/ALYREF/SRSF1	23
CENPA	GO:0009156	ribonucleoside monophosphate biosynthetic process	6/380	32/13057	0.1875	6.44259868421053	5.33680161853414	0.00027862333327079	0.00735094296684078	0.00735094296684078	GART/PAICS/GMPS/RFK/ADSS1/CAD	6
CENPA	GO:0051438	regulation of ubiquitin-protein transferase activity	4/380	15/13057	0.266666666666667	9.16280701754386	5.47648225264306	0.00074707465571958	0.016787020759665	0.016787020759665	CDC20/FBXO5/UBE2C/MAD2L1	4
CENPA	GO:0031100	animal organ regeneration	6/380	40/13057	0.15	5.15407894736842	4.55551953203121	0.000970111452031013	0.0208139272403405	0.0208139272403405	CCNA2/AURKA/PCNA/PNPT1/CAD/SLC7A5	6
CENPA	GO:0046040	IMP metabolic process	4/380	16/13057	0.25	8.59013157894737	5.25947593612802	0.000973383736678193	0.0208139272403405	0.0208139272403405	GART/PAICS/PNP/ADSS1	4
CENPA	GO:0006457	protein folding	14/380	191/13057	0.0732984293193717	2.51857260953431	3.66032034854926	0.00140850690587769	0.0290634712913206	0.0290634712913206	CLU/AHSA1/CCT7/VBP1/CCT6A/HSPH1/CCT4/HSPE1/CCT3/HSPA14/HSPD1/CCT8/PDCD5/HSPA1B	14
CENPA	GO:0000079	regulation of cyclin-dependent protein serine/threonine kinase activity	5/380	30/13057	0.166666666666667	5.72675438596491	4.4873514047721	0.00159000280728607	0.0321823850650307	0.0321823850650307	CDKN3/CDC25A/CDC25C/CDC6/BCCIP	5
CENPA	GO:0051293	establishment of spindle localization	6/380	45/13057	0.133333333333333	4.58140350877193	4.16654530210919	0.00182205020670495	0.036053478530434	0.036053478530434	SKA3/NDC80/SKA1/BCCIP/ESPL1/SAPCD2	6
CENPA	GO:0051653	spindle localization	6/380	46/13057	0.130434782608696	4.48180778032037	4.09559489187051	0.00204491418675571	0.0398683085748734	0.0398683085748734	SKA3/NDC80/SKA1/BCCIP/ESPL1/SAPCD2	6
CENPA	GO:0001889	liver development	7/380	64/13057	0.109375	3.75818256578947	3.82954256143978	0.00249520207123432	0.0475551557581528	0.0475551557581528	CEBPG/AURKA/PCNA/HNRNPD/PNPT1/CAD/SLC7A5	7
CENPA	GO:0051292	nuclear pore complex assembly	3/380	10/13057	0.3	10.3081578947368	5.09796716916805	0.00251989416708296	0.0475551557581528	0.0475551557581528	NDC1/NUP205/NUP107	3
FOXM1	GO:0140014	mitotic nuclear division	57/331	259/13057	0.22007722007722	8.68141469047814	20.1369248324096	1.15237714800382e-37	6.11105601586426e-34	6.11105601586426e-34	BCCIP/CHEK1/NUP62/NDC80/ZWINT/KIF11/BIRC5/CDC25C/NCAPD2/CENPE/KNSTRN/BUB1B/NEK2/RACGAP1/TRIP13/AURKA/FBXO43/KIF18A/NCAPG/MAD2L1/KIF23/CHAMP1/CDK1/MKI67/BORA/SKA3/KIF2C/KIF15/NDE1/CENPF/SMC3/SKA1/KIF4A/KIF20B/NCAPH/ESPL1/SPC25/KMT5A/CDCA8/TPX2/CHEK2/PLK1/CCNB1/CENPK/CENPI/BUB1/RAN/KIF18B/DLGAP5/BUB3/TTK/CENPA/INCENP/NCAPG2/KIFC1/CDC20/HASPIN	57
FOXM1	GO:0007059	chromosome segregation	64/331	367/13057	0.174386920980926	6.87906352642887	18.423981217896	7.39615936231547e-36	1.24665127602452e-32	1.24665127602452e-32	RCC2/SGO2/BCCIP/NUP62/HJURP/SLC25A5/NDC80/ZWINT/KIF11/BIRC5/NCAPD2/CENPE/KNSTRN/ECT2/BUB1B/NEK2/RACGAP1/TRIP13/NUP37/STIL/KIF18A/NCAPG/MAD2L1/KIF23/CHAMP1/CDK1/MKI67/SKA3/KIF2C/KIF15/SGO1/NDE1/CENPF/SMC3/SKA1/KIF4A/HDAC3/NCAPH/ESPL1/SPC25/KMT5A/CDCA8/TPX2/CHEK2/PLK1/ACTL6A/CCNB1/CENPK/CENPI/BUB1/RAN/KIF18B/CENPH/DLGAP5/BUB3/TTK/CENPA/INCENP/NCAPG2/HAUS4/KIFC1/CDC20/TOP2A/HASPIN	64
FOXM1	GO:0044770	cell cycle phase transition	62/331	473/13057	0.13107822410148	5.17065973442001	14.9004396504982	1.81070954616491e-27	1.20027409041407e-24	1.20027409041407e-24	RCC2/CHEK1/RRM1/NDC80/CDC25A/ZWINT/TIMELESS/BIRC5/CDC25C/BLM/CENPE/DTL/ERCC3/EZH2/BUB1B/NEK2/TRIP13/AURKA/STIL/MAD2L1/RFWD3/CDK1/SKA3/DBF4/SKP2/CLSPN/TICRR/RFC5/CENPF/CDK2/WDR76/SKA1/CCNB2/BRCC3/DBF4B/CCNA2/ESPL1/MDC1/E2F1/SPC25/RAD51/CDCA8/CHEK2/PLK1/CCNF/TTI1/ACTL6A/CCNB1/BUB1/TFDP1/POLE/DLGAP5/BUB3/RBBP8/RHNO1/RRM2/TTK/INCENP/MELK/CDC20/HASPIN/ORC1	62
FOXM1	GO:0000075	cell cycle checkpoint signaling	40/331	181/13057	0.220994475138122	8.71759777002554	16.8618045746791	1.35862612180569e-26	7.84552271767016e-24	7.84552271767016e-24	CHEK1/NDC80/ZWINT/TIMELESS/BIRC5/BLM/DTL/BUB1B/TRIP13/MAD2L1/RFWD3/CDK1/SKA3/DBF4/CLSPN/TICRR/RFC5/CENPF/CDK2/WDR76/SKA1/BRCC3/MDC1/E2F1/SPC25/RAD51/CDCA8/CHEK2/PLK1/TTI1/CCNB1/BUB1/BUB3/RBBP8/RHNO1/TTK/INCENP/CDC20/HASPIN/ORC1	40
FOXM1	GO:0006260	DNA replication	48/331	286/13057	0.167832167832168	6.62049732744597	15.4995260335091	4.20274490646117e-26	2.02610511263305e-23	2.02610511263305e-23	MSH2/POLE3/CHEK1/MCM2/DDX11/RRM1/CARM1/CDC25A/GINS4/TIMELESS/BLM/TRAIP/E2F8/DTL/SSRP1/SET/RFWD3/CDK1/DBF4/SUPT16H/PRIM2/TICRR/FEN1/RFC5/CDK2/SMC3/POLQ/DBF4B/CCNA2/PARP1/FAF1/MCMBP/TWNK/POLD3/RAD51/NASP/ACTL6A/MCM6/POLE/EXO1/MCM10/RBBP8/TYMS/WDHD1/MCM7/POLD1/MCM4/ORC1	48
FOXM1	GO:0050000	chromosome localization	28/331	110/13057	0.254545454545455	10.0410876132931	15.3569706603212	1.10495600348859e-20	2.25368526403847e-18	2.25368526403847e-18	RCC2/NUP62/NDC80/ZWINT/BIRC5/CENPE/KNSTRN/ECT2/NEK2/RACGAP1/KIF18A/CHAMP1/CDK1/SKA3/KIF2C/SGO1/NDE1/CENPF/SKA1/SPC25/CDCA8/CCNB1/DLGAP5/BUB3/TTK/CENPA/INCENP/KIFC1	28
FOXM1	GO:0051052	regulation of DNA metabolic process	47/331	444/13057	0.105855855855856	4.17570969761302	10.9798445260438	4.75750012798787e-17	4.85173522667686e-15	4.85173522667686e-15	C1QBP/MSH2/POLE3/CHEK1/MCM2/TAF5/DDX11/CDC25A/TIMELESS/YEATS4/DKC1/BLM/TCP1/E2F8/DTL/RAD51AP1/PARPBP/NEK2/CCT5/CGAS/CDK1/DBF4/SKP2/TICRR/RFC5/CDK2/SMC3/POLQ/TAF6L/BRCC3/DBF4B/CCNA2/MSH6/PARP1/FAF1/RAD51/KMT5A/CCT4/PLK1/ACTL6A/SF3B3/MCM6/HNRNPD/KPNA2/HNRNPC/MCM7/MCM4	47
FOXM1	GO:0140694	membraneless organelle assembly	39/331	372/13057	0.104838709677419	4.13558620017542	9.89505213458271	3.82774876657249e-14	3.22199233478316e-12	3.22199233478316e-12	BCCIP/C1QBP/PATL1/NUP62/HJURP/PLK4/NDC80/KIF11/BIRC5/CENPE/NEK2/RACGAP1/C2CD3/STIL/KIF23/SKA3/KIF15/CENPF/CDK2/SMC3/SKA1/ATXN2L/KIF4A/CEP72/HDAC3/CDCA8/TPX2/CHEK2/NASP/PLK1/CENPK/CENPI/CENPH/DLGAP5/CENPA/BSCL2/INCENP/HAUS4/KIFC1	39
FOXM1	GO:0042770	signal transduction in response to DNA damage	22/331	179/13057	0.122905027932961	4.84825060338571	8.36062528844635	8.83580737715717e-10	5.14904247484225e-08	5.14904247484225e-08	CHEK1/GRB2/TIMELESS/BLM/DTL/RFWD3/CDK1/DBF4/GTSE1/CLSPN/TICRR/CDK2/WDR76/BRCC3/MDC1/E2F1/RAD51/KMT5A/CHEK2/PLK1/TTI1/RHNO1	22
FOXM1	GO:0000281	mitotic cytokinesis	15/331	100/13057	0.15	5.91706948640483	7.96025947569164	3.01921923196907e-08	1.55445821234291e-06	1.55445821234291e-06	NUP62/BIRC5/ECT2/RACGAP1/KIF23/KIF4A/KIF20B/KIF20A/CKAP2/ESPL1/CDCA8/PLK1/CENPA/INCENP/CEP55	15
FOXM1	GO:0051382	kinetochore assembly	9/331	30/13057	0.3	11.8341389728097	9.58089170016011	3.47108610222192e-08	1.76992015385412e-06	1.76992015385412e-06	HJURP/CENPE/CENPF/NASP/CENPK/CENPI/CENPH/DLGAP5/CENPA	9
FOXM1	GO:0034504	protein localization to nucleus	23/331	252/13057	0.0912698412698413	3.6003332853786	6.72221815278327	1.11011884893594e-07	5.20969934151086e-06	5.20969934151086e-06	HDGF/NUP188/NUP62/SNUPN/STAT3/DKC1/TCP1/INTS13/PHB2/ECT2/CCT5/LMNB2/LMNB1/CDK1/NUP107/HDAC3/PARP1/CCT4/PLK1/ASF1B/RAN/KPNA2/SUFU	23
FOXM1	GO:0051653	spindle localization	9/331	46/13057	0.195652173913043	7.71791672139761	7.36090650179794	1.86932549537842e-06	7.1833573202839e-05	7.1833573202839e-05	BCCIP/NDC80/SAPCD2/SKA3/NDE1/SKA1/HDAC3/ESPL1/CENPA	9
FOXM1	GO:0046112	nucleobase biosynthetic process	6/331	19/13057	0.31578947368421	12.4569883924312	8.05962607694657	5.20685133422178e-06	0.00018531498406294	0.00018531498406294	PAICS/GMPS/HPRT1/CTPS1/PPAT/TYMS	6
FOXM1	GO:0006606	protein import into nucleus	13/331	125/13057	0.104	4.10250151057402	5.62091824083631	1.68216968715925e-05	0.000551460042105047	0.000551460042105047	NUP188/NUP62/SNUPN/STAT3/PHB2/ECT2/CDK1/NUP107/HDAC3/ASF1B/RAN/KPNA2/SUFU	13
FOXM1	GO:0051170	import into nucleus	13/331	129/13057	0.10077519379845	3.97529216140893	5.4768634057849	2.36183038389376e-05	0.000759077971259917	0.000759077971259917	NUP188/NUP62/SNUPN/STAT3/PHB2/ECT2/CDK1/NUP107/HDAC3/ASF1B/RAN/KPNA2/SUFU	13
FOXM1	GO:0000398	mRNA splicing, via spliceosome	21/331	299/13057	0.0702341137123746	2.77053420768119	4.99484166044441	2.51317694979226e-05	0.000783963374396961	0.000783963374396961	HNRNPK/C1QBP/STRAP/SF3B2/GEMIN4/NCL/MAGOHB/HNRNPH3/PDCD7/CWF19L1/SF3A3/RBMX/PRPF4/PRPF8/WTAP/SF1/HNRNPR/SF3B3/HNRNPC/RBM23/ILF3	21
FOXM1	GO:0006403	RNA localization	15/331	183/13057	0.0819672131147541	3.23337130404636	4.90685056840751	6.54914488557739e-05	0.00188750626783787	0.00188750626783787	CKAP5/NUP188/NUP62/SNUPN/MAGOHB/DKC1/TCP1/GLE1/NOP58/NUP37/CCT5/NUP210/NUP107/CCT4/RAN	15
FOXM1	GO:0006177	GMP biosynthetic process	4/331	11/13057	0.363636363636364	14.3444108761329	7.14052541254122	0.000116239599762316	0.00311484399908143	0.00311484399908143	PAICS/GMPS/HPRT1/PPAT	4
FOXM1	GO:0010212	response to ionizing radiation	11/331	111/13057	0.0990990990990991	3.90917503606325	4.96405572808869	0.000116300039943074	0.00311484399908143	0.00311484399908143	MSH2/GRB2/BLM/RAD51AP1/ECT2/RFWD3/TICRR/BRCC3/PARP1/RAD51/RHNO1	11
FOXM1	GO:1904872	regulation of telomerase RNA localization to Cajal body	4/331	12/13057	0.333333333333333	13.1490433031219	6.7902188121899	0.000170884582021356	0.00444216146303554	0.00444216146303553	DKC1/TCP1/CCT5/CCT4	4
FOXM1	GO:0022613	ribonucleoprotein complex biogenesis	25/331	464/13057	0.0538793103448276	2.12538415459944	3.98078106340019	0.00032499013441123	0.00800142854833041	0.00800142854833041	C1QBP/STRAP/SF3B2/DDX18/GEMIN4/WBP11/EXOSC2/DKC1/EIF3B/NOP58/NOLC1/PDCD7/SF3A3/LSG1/GAPDH/PRPF4/PRPF8/PDCD11/SF1/SF3B3/RAN/NOB1/RCL1/REXO5/EMG1	25
FOXM1	GO:0140673	transcription elongation-coupled chromatin remodeling	4/331	14/13057	0.285714285714286	11.270608545533	6.20075476466818	0.000331946875472881	0.00800142854833041	0.00800142854833041	SSRP1/SUPT16H/ASF1B/GLYR1	4
FOXM1	GO:0071392	cellular response to estradiol stimulus	5/331	25/13057	0.2	7.88942598187311	5.56058668437151	0.000355383533818885	0.00841338785643548	0.00841338785643548	DDX18/H2AZ1/KIF18A/CCNA2/HNRNPD	5
FOXM1	GO:0042752	regulation of circadian rhythm	9/331	89/13057	0.101123595505618	3.98903560881225	4.56312850558187	0.000414941413511785	0.0097364350258982	0.0097364350258982	TIMELESS/EZH2/NONO/CDK1/HDAC3/PARP1/HNRNPD/NMU/TOP2A	9
FOXM1	GO:0031507	heterochromatin formation	13/331	173/13057	0.0751445086705202	2.96423519550146	4.19434635486465	0.000465697146794964	0.0107842444080947	0.0107842444080947	DAXX/HNRNPK/POLE3/H2AZ1/EZH2/KDM2B/LMNB2/DNMT1/LMNB1/CDK2/HDAC3/TFDP1/CENPA	13
FOXM1	GO:0045814	negative regulation of gene expression, epigenetic	14/331	200/13057	0.07	2.76129909365559	4.04810152231384	0.000582561249929341	0.0131460523760651	0.0131460523760651	DAXX/HNRNPK/POLE3/CHEK1/H2AZ1/EZH2/KDM2B/LMNB2/DNMT1/LMNB1/CDK2/HDAC3/TFDP1/CENPA	14
FOXM1	GO:0007163	establishment or maintenance of cell polarity	12/331	168/13057	0.0714285714285714	2.81765213638325	3.82409707548829	0.00118984622527445	0.0247441354220801	0.0247441354220801	CKAP5/BCCIP/NDC80/ATN1/SAPCD2/SKA3/KIF2C/NDE1/SKA1/KIF20B/HDAC3/CENPA	12
FOXM1	GO:0070507	regulation of microtubule cytoskeleton organization	11/331	149/13057	0.0738255033557047	2.91220422149679	3.78591654735385	0.0014474708911743	0.0296368267795263	0.0296368267795263	CKAP5/NUP62/STIL/BORA/SKA3/SKA1/CKAP2/TPX2/PLK1/FKBP4/HAUS4	11
FOXM1	GO:0046601	positive regulation of centriole replication	3/331	10/13057	0.3	11.8341389728097	5.52728908088247	0.00169694567193843	0.0337037561733688	0.0337037561733688	NUP62/PLK4/STIL	3
FOXM1	GO:0051081	nuclear membrane disassembly	3/331	11/13057	0.272727272727273	10.7583081570997	5.22162034922077	0.00228971044900447	0.0441539436766208	0.0441539436766208	VRK1/CDK1/PLK1	3
HMGA1	GO:0022613	ribonucleoprotein complex biogenesis	73/496	464/13057	0.157327586206897	4.14158526835373	13.6923200352909	5.77247489495939e-26	3.06114343679696e-22	3.06114343679696e-22	NIP7/RAN/PNO1/RPUSD3/PAK1IP1/DDX28/WDR74/SF3B4/SNRPC/PRPF6/SNRPD3/WDR77/EIF3E/EIF4A3/EIF3H/ABT1/USP39/SNRPE/PDCD2/HSP90AA1/NOP58/EIF2S2/EPRS1/EIF3D/NOLC1/SF3B6/WDR46/SNRPG/EBNA1BP2/EIF5B/MTG1/SRPK1/BUD13/MRTO4/RPS27A/SNRPD1/PTGES3/PWP1/SF3B2/DENR/PRPF19/RCC1L/DKC1/RIOK1/RIOK3/UTP3/NOL7/RPF2/EIF6/MCAT/BYSL/C1QBP/GTPBP4/PES1/SNRPA1/UTP18/RRP36/PUF60/RPL5/NOP56/HTATSF1/MPHOSPH10/RRP15/UTP4/SLU7/RPSA/UTP14A/DDX54/NOB1/NGDN/LSM2/GEMIN4/NOA1	73
HMGA1	GO:0022618	protein-RNA complex assembly	39/496	215/13057	0.181395348837209	4.77515941485371	11.0910329047688	2.24234306414968e-16	3.96371508972859e-13	3.96371508972859e-13	DDX28/SF3B4/SNRPC/PRPF6/SNRPD3/WDR77/EIF3E/EIF3H/ABT1/USP39/SNRPE/HSP90AA1/EIF2S2/EPRS1/EIF3D/SF3B6/SNRPG/MTG1/SRPK1/BUD13/MRTO4/SNRPD1/PTGES3/SF3B2/DENR/PRPF19/RCC1L/RPF2/EIF6/MCAT/SNRPA1/PUF60/RPL5/HTATSF1/SLU7/RPSA/LSM2/GEMIN4/NOA1	39
HMGA1	GO:0071826	protein-RNA complex organization	39/496	224/13057	0.174107142857143	4.5833003312212	10.7492192915812	9.46635804465943e-16	1.25500241777072e-12	1.25500241777072e-12	DDX28/SF3B4/SNRPC/PRPF6/SNRPD3/WDR77/EIF3E/EIF3H/ABT1/USP39/SNRPE/HSP90AA1/EIF2S2/EPRS1/EIF3D/SF3B6/SNRPG/MTG1/SRPK1/BUD13/MRTO4/SNRPD1/PTGES3/SF3B2/DENR/PRPF19/RCC1L/RPF2/EIF6/MCAT/SNRPA1/PUF60/RPL5/HTATSF1/SLU7/RPSA/LSM2/GEMIN4/NOA1	39
HMGA1	GO:0016072	rRNA metabolic process	38/496	272/13057	0.139705882352941	3.6777010199241	8.86808752885994	2.95492375346604e-12	3.13399213292608e-09	3.13399213292608e-09	PNO1/RPUSD3/PAK1IP1/NCL/WDR74/WDR77/EIF4A3/ABT1/NOP58/POLR1H/NOLC1/WDR46/EBNA1BP2/MRTO4/MARS1/PWP1/DKC1/RIOK1/RIOK3/UTP3/NOL7/RPF2/EIF6/BYSL/PES1/UTP18/RRP36/RPL5/NOP56/MPHOSPH10/RRP15/NIFK/UTP4/UTP14A/DDX54/NOB1/NGDN/GEMIN4	38
HMGA1	GO:0010608	post-transcriptional regulation of gene expression	50/496	479/13057	0.104384133611691	2.74787022695131	7.74470620293589	6.94919568017965e-11	4.60644808649909e-08	4.60644808649909e-08	KHSRP/BZW2/RAN/RPUSD3/EIF1B/RBM38/MRPL4/NCL/AARS1/CALR/XPO5/SSB/EIF3E/EIF4A3/EIF3H/RPS3/EIF2S2/EPRS1/TARDBP/ABCF1/NOLC1/RPS6KB2/EIF2B1/SHMT2/TRAP1/ELP6/EIF5B/SMYD5/IFRD2/HTATIP2/MTG1/DKC1/CNOT11/EIF6/C1QBP/ZNF598/ELOB/RPL5/YBX1/YTHDF1/MIF4GD/POLR2G/GCNT2/SNW1/MRPL44/MRPL1/METAP2/NGDN/LSM2/EIF4G1	50
HMGA1	GO:0006417	regulation of translation	40/496	332/13057	0.120481927710843	3.17163816556549	7.96455311838729	8.66391169232472e-11	5.10496930048867e-08	5.10496930048867e-08	BZW2/RPUSD3/EIF1B/MRPL4/NCL/AARS1/CALR/SSB/EIF3E/EIF4A3/EIF3H/RPS3/EIF2S2/EPRS1/ABCF1/NOLC1/RPS6KB2/EIF2B1/SHMT2/TRAP1/ELP6/EIF5B/SMYD5/IFRD2/HTATIP2/MTG1/CNOT11/EIF6/C1QBP/ZNF598/RPL5/YBX1/YTHDF1/MIF4GD/POLR2G/MRPL44/MRPL1/METAP2/NGDN/EIF4G1	40
HMGA1	GO:0140053	mitochondrial gene expression	24/496	165/13057	0.145454545454545	3.82903225806452	7.26697262789248	1.47983204084161e-08	5.23169954172203e-06	5.23169954172203e-06	RPUSD3/MRPL15/MRPL4/MRPS35/MRPL45/MRPL37/MRPL48/SHMT2/MTG1/MRPS18B/DAP3/MRPL36/MRPS23/MRPS28/MRPL11/MRPL33/MRPS18A/C1QBP/MRPS9/TRMT10C/MRPS5/YRDC/MRPL44/MRPL1	24
HMGA1	GO:0051052	regulation of DNA metabolic process	41/496	444/13057	0.0923423423423423	2.4308749273467	6.09561827061795	1.27844634617631e-07	3.76644498542944e-05	3.76644498542944e-05	MCM7/TIMELESS/AUNIP/PCNA/ORC5/RPS3/CCT2/HSP90AA1/KMT5A/RNF8/VPS72/BCL7B/MAPK3/MCM3/CCT7/CACYBP/ACTL6A/RFC2/SMG5/PTGES3/DKC1/TIPIN/AURKB/C1QBP/GTPBP4/FAF1/FH/WRNIP1/RIOX1/ELOB/CCT5/GMNN/PLK1/CCT3/RMI2/OTUB1/APTX/EHMT2/GNL3/CCT4/PPP4C	41
HMGA1	GO:2001252	positive regulation of chromosome organization	16/496	91/13057	0.175824175824176	4.62850053172634	6.90205919604097	2.76835913459137e-07	7.72663604775685e-05	7.72663604775685e-05	NCAPD2/FEN1/CCT2/HSP90AA1/MAPK3/CCT7/ACTL6A/SKA1/PTGES3/DKC1/AURKB/MAD2L1BP/CCT5/CCT3/GNL3/CCT4	16
HMGA1	GO:1904867	protein localization to Cajal body	6/496	12/13057	0.5	13.1622983870968	8.3756406600151	2.21675888154696e-06	0.000419838298172983	0.000419838298172983	CCT2/CCT7/DKC1/CCT5/CCT3/CCT4	6
HMGA1	GO:1904872	regulation of telomerase RNA localization to Cajal body	6/496	12/13057	0.5	13.1622983870968	8.3756406600151	2.21675888154696e-06	0.000419838298172983	0.000419838298172983	CCT2/CCT7/DKC1/CCT5/CCT3/CCT4	6
HMGA1	GO:0006403	RNA localization	21/496	183/13057	0.114754098360656	3.02085536753041	5.47063608506698	6.17553984819186e-06	0.000935682508998898	0.000935682508998898	KHSRP/RAN/SLBP/CPSF6/XPO5/SSB/PRPF6/EIF4A3/SNUPN/CCT2/NOP58/SRSF3/RTRAF/CCT7/NUP37/SMG5/DKC1/YBX1/CCT5/CCT3/CCT4	21
HMGA1	GO:0006457	protein folding	21/496	191/13057	0.109947643979058	2.89432739402128	5.24063304419012	1.20501122624554e-05	0.00155857915433661	0.00155857915433661	KHSRP/RIC8A/FKBP4/CALR/DNAJA1/CCT2/PPIL1/HSP90AA1/CCT7/TRAP1/FKBP1C/ARL2/PTGES3/PPIF/DNAJA2/HSPD1/CCT5/PFDN2/CCT3/CCT4/AHSA1	21
HMGA1	GO:0007059	chromosome segregation	30/496	367/13057	0.0817438692098093	2.15187439571064	4.44775797388557	6.68108117609175e-05	0.00632674526371689	0.00632674526371689	CHMP4C/RAN/SLC25A5/KIF22/NCAPD2/CDC20/RPS3/KMT5A/BCL7B/CDCA8/NUP37/MAD2L1/SRPK1/BAG6/ACTL6A/TUBG2/SKA1/NTMT1/KIFC1/RIOK3/CCDC86/ARL8A/AURKB/SPC25/DRG1/RCC1/MAD2L1BP/PLK1/ANAPC15/RMI2	30
HMGA1	GO:1901970	positive regulation of mitotic sister chromatid separation	6/496	20/13057	0.3	7.89737903225806	6.13400405407678	7.1695432687999e-05	0.00667019086920103	0.00667019086920103	CDC20/CDCA8/SKA1/AURKB/MAD2L1BP/PLK1	6
HMGA1	GO:0071174	mitotic spindle checkpoint signaling	9/496	51/13057	0.176470588235294	4.64551707779886	5.18329768087833	0.000112256788990754	0.00975897954127818	0.00975897954127818	CDC20/CDCA8/MAD2L1/SKA1/AURKB/SPC25/MAD2L1BP/PLK1/ANAPC15	9
HMGA1	GO:0006275	regulation of DNA replication	14/496	117/13057	0.11965811965812	3.1499517507582	4.64182012839842	0.000137832556683165	0.0114175473594205	0.0114175473594205	MCM7/TIMELESS/PCNA/ORC5/MCM3/CACYBP/ACTL6A/TIPIN/GTPBP4/FAF1/WRNIP1/ELOB/GMNN/EHMT2	14
HMGA1	GO:0006401	RNA catabolic process	27/496	329/13057	0.0820668693009119	2.16037724286695	4.23595043431484	0.000143931329108878	0.0114175473594205	0.0114175473594205	KHSRP/RBM38/SSB/SNRPD3/FEN1/EIF3E/EIF4A3/SNRPE/INTS3/TARDBP/SNRPG/MRTO4/INTS5/RNPS1/SMG5/DKC1/CNOT11/RIOK3/GRSF1/C1QBP/ZNF598/ELOB/YBX1/YTHDF1/POLR2G/SNW1/LSM2	27
HMGA1	GO:0007005	mitochondrion organization	27/496	335/13057	0.0805970149253731	2.12168391911411	4.13284390688225	0.000193538566628008	0.0135044081424779	0.0135044081424779	SLC25A5/STOML2/MTFR2/BCL2L1/TOMM22/COA4/VDAC2/PMAIP1/NDUFS2/HTRA2/TMEM126B/FOXRED1/RCC1L/PGAM5/MTCH2/PPIF/MTCH1/TMEM126A/HSPD1/TIMM8B/ATG3/MAIP1/AURKA/TRIAP1/LONP1/NOA1/STARD7	27
HMGA1	GO:0007051	spindle organization	18/496	183/13057	0.0983606557377049	2.58930460074035	4.30238959139282	0.000210550702633157	0.0141335490640966	0.0141335490640966	CHMP4C/STMN1/RAN/AUNIP/RPS3/PTPA/CDCA8/TUBG2/SKA1/WDR62/NTMT1/KIFC1/AURKB/SPC25/DRG1/RCC1/PLK1/AURKA	18
HMGA1	GO:0045333	cellular respiration	23/496	267/13057	0.0861423220973783	2.26766189440619	4.15870002814819	0.000219703682398595	0.0145636078469969	0.0145636078469969	PDHB/STOML2/MTFR2/COX4I1/SDHC/SHMT2/TRAP1/MDH1/NDUFS2/ARL2/COX8A/MLST8/FOXRED1/ATP5F1B/EIF6/PPIF/FH/MDH2/NDUFB1/NDUFB3/SUCLG1/NDUFV1/STARD7	23
HMGA1	GO:0141188	nucleic acid catabolic process	27/496	352/13057	0.0767045454545455	2.01921622983871	3.85198093423366	0.000426218903261139	0.0241191633256165	0.0241191633256164	KHSRP/RBM38/SSB/SNRPD3/FEN1/EIF3E/EIF4A3/SNRPE/INTS3/TARDBP/SNRPG/MRTO4/INTS5/RNPS1/SMG5/DKC1/CNOT11/RIOK3/GRSF1/C1QBP/ZNF598/ELOB/YBX1/YTHDF1/POLR2G/SNW1/LSM2	27
HMGA1	GO:0051205	protein insertion into membrane	9/496	64/13057	0.140625	3.70189642137097	4.30564049484232	0.00065644536942577	0.0311047835399673	0.0311047835399673	UBL4A/EMC8/TOMM22/BAG6/MTCH2/MTCH1/TMEM126A/TIMM8B/MAIP1	9
HMGA1	GO:0051204	protein insertion into mitochondrial membrane	6/496	30/13057	0.2	5.26491935483871	4.64711099338357	0.000795156281062253	0.0351690424335325	0.0351690424335325	TOMM22/MTCH2/MTCH1/TMEM126A/TIMM8B/MAIP1	6
HMGA1	GO:0032200	telomere organization	16/496	173/13057	0.092485549132948	2.43464478836472	3.77464297086299	0.000914950153287112	0.0388158453030524	0.0388158453030524	XRCC6/PCNA/FEN1/CCT2/HSP90AA1/MAPK3/CCT7/ACTL6A/SMG5/PTGES3/DKC1/AURKB/CCT5/CCT3/GNL3/CCT4	16
HMGA1	GO:0032259	methylation	17/496	193/13057	0.0880829015544041	2.31874686612068	3.66763307459628	0.00110639966991039	0.045482460849107	0.045482460849107	EEF1AKMT4/DPH5/SNRPD3/SNRPE/KMT5A/NOP58/SNRPG/EEF2KMT/SMYD5/COQ5/SNRPD1/NTMT1/TRMT10C/NOP56/SMYD2/SETD3/EHMT2	17
CHCHD3	GO:0022613	ribonucleoprotein complex biogenesis	50/392	464/13057	0.107758620689655	3.58929671006334	9.99129346455942	2.44918709436884e-15	1.29880391614379e-11	1.29880391614379e-11	EFTUD2/RAN/DDX1/LSM8/SF3B2/NOL11/RPUSD4/PAK1IP1/UTP18/C1D/GEMIN2/SNRPC/SRSF12/BUD23/SENP3/METTL5/EIF2S2/DNTTIP2/MTIF2/RUVBL1/LSG1/BMS1/DKC1/PRPF4/ABT1/MPHOSPH10/GTPBP4/DENR/SNRPD1/PTGES3/USP39/BYSL/RBIS/PNO1/RSL24D1/UTP11/GAR1/PRMT5/DDX55/EIF3J/NOP56/EBNA1BP2/NAT10/HSP90AB1/NOM1/SYNCRIP/RRP36/POP4/SF3A3/NOL7	50
CHCHD3	GO:0032543	mitochondrial translation	24/392	125/13057	0.192	6.39526530612245	10.6630260739431	2.86091376548242e-13	6.44857549948754e-10	6.44857549948754e-10	RPUSD4/MRPS7/MRPS35/PTCD3/MRPL13/MRPL9/MRPS18A/MRPL19/MRPL35/MRPL3/MRPL11/GFM1/MRPL1/LRPPRC/MTIF2/MRPL14/MRPL33/MRPS22/MRPL47/RARS2/MRPS33/MRPL15/MRPS23/MRPL39	24
CHCHD3	GO:0010833	telomere maintenance via telomere lengthening	18/392	65/13057	0.276923076923077	9.22394034536892	11.693489524012	3.64807212869369e-13	6.44857549948754e-10	6.44857549948754e-10	DCLRE1B/HNRNPC/CCT7/POT1/CCT6A/HNRNPU/SMG5/DKC1/PTGES3/CCT2/RAD51/CCT8/GAR1/HNRNPD/NAT10/HSP90AB1/RPA1/CCT4	18
CHCHD3	GO:0140053	mitochondrial gene expression	27/392	165/13057	0.163636363636364	5.45051020408163	10.1213194416525	5.21064687096098e-13	6.90801508917652e-10	6.90801508917652e-10	YRDC/RPUSD4/MRPS7/MRPS35/PTCD3/MRPL13/MRPL9/MRPS18A/MRPL19/MRPL35/MRPL3/MRPL11/GFM1/MRPL1/LRPPRC/MTIF2/MRPL14/TRIT1/MRPL33/MRPS22/PNPT1/MRPL47/RARS2/MRPS33/MRPL15/MRPS23/MRPL39	27
CHCHD3	GO:0033044	regulation of chromosome organization	28/392	232/13057	0.120689655172414	4.02001231527094	8.165250758784	3.40818260840293e-10	2.00817693026231e-07	2.00817693026231e-07	HNRNPC/CDCA8/CCT7/TTK/POT1/BIRC5/CCT6A/SKA3/HNRNPU/BCL7B/GNL3/RUVBL1/BUB1/CTPS1/SMG5/TRIP13/DKC1/BAZ1B/ACTL6A/PTGES3/CCT2/MAD2L1BP/CCT8/DLGAP5/HNRNPD/NAT10/CCT4/PLK1	28
CHCHD3	GO:0016072	rRNA metabolic process	30/392	272/13057	0.110294117647059	3.67375075030012	7.83971928781953	7.18171133830097e-10	3.80846152270101e-07	3.80846152270101e-07	NOL11/NCL/RPUSD4/PAK1IP1/UTP18/C1D/BUD23/SENP3/METTL5/DNTTIP2/POLR1A/BMS1/GTF3C2/DKC1/ABT1/MPHOSPH10/MARS1/BYSL/PNO1/UTP11/GAR1/PRMT5/DDX55/NOP56/EBNA1BP2/NAT10/NIFK/RRP36/POP4/NOL7	30
CHCHD3	GO:0032200	telomere organization	22/392	173/13057	0.127167630057803	4.23578506547128	7.53742262360598	1.05782760501388e-08	3.29979987611093e-06	3.29979987611093e-06	DCLRE1B/HNRNPC/CCT7/POT1/CCT6A/HNRNPU/GNL3/APEX1/RUVBL1/SMG5/DKC1/ACTL6A/PTGES3/CCT2/RAD51/CCT8/GAR1/HNRNPD/NAT10/HSP90AB1/RPA1/CCT4	22
CHCHD3	GO:0000070	mitotic sister chromatid segregation	23/392	190/13057	0.121052631578947	4.03210257787326	7.40674762333784	1.26497842536727e-08	3.72676699429034e-06	3.72676699429034e-06	KIF22/RAN/CDCA8/NCAPG2/TTK/KNSTRN/BIRC5/SKA3/HNRNPU/CHEK2/BUB1/TRIP13/DRG1/BAZ1B/MAD2L1BP/KIF4A/KIF15/DLGAP5/CENPA/TPX2/SPAG5/BCCIP/PLK1	23
CHCHD3	GO:0006403	RNA localization	22/392	183/13057	0.120218579234973	4.00432140069142	7.20046744248325	2.9930098487483e-08	7.21451419450556e-06	7.21451419450556e-06	CKAP5/MAGOH/RAN/CCT7/MAGOHB/SRSF7/NDC1/NUP205/CCT6A/HNRNPU/RTRAF/LRPPRC/RUVBL1/SMG5/DKC1/CCT2/NUP37/POM121C/PNPT1/CCT8/XPO5/CCT4	22
CHCHD3	GO:1904867	protein localization to Cajal body	6/392	12/13057	0.5	16.6543367346939	9.54440281148708	5.58856867650424e-07	7.79899465565842e-05	7.79899465565842e-05	CCT7/CCT6A/DKC1/CCT2/CCT8/CCT4	6
CHCHD3	GO:1904872	regulation of telomerase RNA localization to Cajal body	6/392	12/13057	0.5	16.6543367346939	9.54440281148708	5.58856867650424e-07	7.79899465565842e-05	7.79899465565842e-05	CCT7/CCT6A/DKC1/CCT2/CCT8/CCT4	6
CHCHD3	GO:0044772	mitotic cell cycle phase transition	29/392	374/13057	0.0775401069518717	2.5827581032413	5.46367499639094	2.91752090237295e-06	0.000297531025870841	0.000297531025870841	PSMA7/TRIAP1/CDC25A/CDCA8/CCNB2/TTK/CCNJ/BIRC5/CPSF3/SKA3/CUL1/BCL7B/MELK/CHEK2/BUB1/CHEK1/TRIP13/CDK5RAP3/DBF4/CDK4/GTPBP4/ORC1/ACTL6A/MAD2L1BP/RINT1/DBF4B/DLGAP5/STIL/PLK1	29
CHCHD3	GO:0071826	protein-RNA complex organization	21/392	224/13057	0.09375	3.1226881377551	5.63756564753092	3.92667778572151e-06	0.000392890043352475	0.000392890043352475	EFTUD2/DDX1/LSM8/SF3B2/GEMIN2/SNRPC/SRSF12/EIF2S2/MTIF2/RUVBL1/PRPF4/ABT1/DENR/SNRPD1/PTGES3/USP39/PRMT5/EIF3J/HSP90AB1/SYNCRIP/SF3A3	21
CHCHD3	GO:0006457	protein folding	18/392	191/13057	0.0942408376963351	3.13903729030879	5.23912515263279	1.79408173980445e-05	0.00142000230838552	0.00142000230838552	CCT7/VBP1/MOGS/HSPA6/PPIL1/CCT6A/DNAJC2/CDC123/PFDN4/HSPD1/PTGES3/CCT2/DNAJA3/CCT8/HSP90AB1/ZPR1/PPIF/CCT4	18
CHCHD3	GO:0051204	protein insertion into mitochondrial membrane	7/392	30/13057	0.233333333333333	7.77202380952381	6.53284575472089	2.33328734457262e-05	0.00174273560398149	0.00174273560398149	MTCH2/TIMM8A/MTX2/TOMM40/MAIP1/AGK/SAMM50	7
CHCHD3	GO:0046112	nucleobase biosynthetic process	5/392	19/13057	0.263157894736842	8.76544038668099	5.95913068031317	0.000195202050187668	0.00877251247580681	0.00877251247580681	GART/PAICS/GMPS/CTPS1/CAD	5
CHCHD3	GO:0006099	tricarboxylic acid cycle	6/392	30/13057	0.2	6.66173469387755	5.46177043961911	0.000226977823646215	0.00970696289351514	0.00970696289351514	DLD/SDHB/OGDHL/MDH1/MDH2/PDHA1	6
CHCHD3	GO:0010608	post-transcriptional regulation of gene expression	29/392	479/13057	0.0605427974947808	2.01660027267692	3.98802333221501	0.000270095181648812	0.0114585179862692	0.0114585179862692	MAGOH/HNRNPC/RAN/DDX1/SERBP1/NCL/RPUSD4/PTCD3/MRPL13/POLR2G/MTPN/METTL5/EIF2S2/HNRNPU/MRPL1/APEX1/LRPPRC/DKC1/ELAVL1/PNPT1/CNOT7/XPO5/SMYD5/HNRNPD/NAT10/EIF2B1/PUS7/SYNCRIP/SNW1	29
CHCHD3	GO:0050821	protein stabilization	16/392	209/13057	0.076555023923445	2.5499462943072	3.97390550947985	0.000574189429909551	0.0212931926350374	0.0212931926350374	RPAP3/CCT7/DBR1/VBP1/CCT6A/CHEK2/RUVBL1/HSPD1/GTPBP4/PTGES3/CCT2/URI1/DNAJA3/CCT8/HSP90AB1/CCT4	16
CHCHD3	GO:0006402	mRNA catabolic process	18/392	252/13057	0.0714285714285714	2.37919096209913	3.88938010784287	0.000609191452219352	0.022127001856981	0.022127001856981	MAGOH/HNRNPC/SERBP1/MAGOHB/POLR2G/CPSF3/HNRNPU/APEX1/LRPPRC/SMG5/ELAVL1/RNPS1/PNPT1/CNOT7/HNRNPD/SYNCRIP/SND1/SNW1	18
CHCHD3	GO:0090235	regulation of metaphase plate congression	4/392	14/13057	0.285714285714286	9.5167638483965	5.60912841987679	0.000630484286354278	0.0227446134050118	0.0227446134050118	CDCA8/BIRC5/HNRNPU/SPAG5	4
CHCHD3	GO:0016226	iron-sulfur cluster assembly	5/392	26/13057	0.192307692307692	6.40551412872842	4.8537825453286	0.000928789952474506	0.0309771894212095	0.0309771894212095	GLRX3/GLRX5/BOLA3/CIAO2A/ISCA1	5
E2F7	GO:0007059	chromosome segregation	41/200	367/13057	0.111716621253406	7.29341961852861	15.2524341015571	4.04076591126038e-24	2.14281816274138e-20	2.14281816274138e-20	CHAMP1/KIF23/KNTC1/KIF11/CENPK/TOP3A/GPSM2/KNL1/DSN1/DLGAP5/CEP85/SPC25/FBXO5/NCAPG2/SGO1/PSMC3IP/SMC4/NCAPG/BUB3/TUBGCP4/HJURP/ESPL1/SMC3/SMC1A/TUBGCP3/BUB1B/TLK2/SMC2/KIF14/KIF4A/MKI67/SKA2/UHRF1/INCENP/KIF18B/STIL/KPNB1/KIFC1/TOP2A/CEP97/CDC6	41
E2F7	GO:0000280	nuclear division	36/200	340/13057	0.105882352941176	6.9125294117647	13.7775083721023	2.06464159661765e-20	5.47439719343169e-17	5.47439719343169e-17	RAD54L/CHAMP1/KIF23/KNTC1/KIF11/CENPK/KNL1/DLGAP5/CEP85/SPC25/FBXO5/NCAPG2/SGO1/PSMC3IP/SMC4/NCAPG/BUB3/BRIP1/ESPL1/SMC3/SMC1A/BUB1B/RMI1/SMC2/KIF14/KIF4A/MKI67/SKA2/UHRF1/INCENP/KIF18B/KPNB1/BORA/KIFC1/TOP2A/CEP97	36
E2F7	GO:0006260	DNA replication	33/200	286/13057	0.115384615384615	7.53288461538462	13.9323956309897	6.52803169983159e-20	1.15393840347356e-16	1.15393840347356e-16	MCM2/BLM/E2F8/POLD3/DTL/FBXO5/USP1/MSH2/TYMS/TOPBP1/RBBP4/RFWD3/SUPT16H/CDK2/ESCO2/SMC3/CHAF1B/BARD1/POLQ/PRIM1/POLA1/RMI1/MMS22L/CDC7/DHFR/DHX9/FAM111B/GMNN/POLE/RFC5/WDHD1/MCM5/CDC6	33
E2F7	GO:0090068	positive regulation of cell cycle process	24/200	208/13057	0.115384615384615	7.53288461538462	11.8454683643857	1.05493487414332e-14	6.21591070842446e-12	6.21591070842446e-12	EZH2/KIF23/MTBP/GPSM2/KNL1/DLGAP5/E2F8/DTL/FBXO5/NCAPG2/SMC4/CCNE2/NCAPG/TFDP1/ESPL1/RRM2/CDC7/SMC2/KIF14/CIT/INCENP/STIL/POC1B/CDC6	24
E2F7	GO:0140694	membraneless organelle assembly	28/200	372/13057	0.0752688172043011	4.9139247311828	9.55188203284911	2.7509618498596e-12	9.11771918112842e-10	9.11771918112842e-10	KIF23/KNTC1/CEP152/KIF11/CENPK/GPSM2/DLGAP5/CEP85/TUBGCP4/HJURP/CDK2/SMC3/CSRP2/RTTN/SMC1A/TUBGCP3/KIF4A/SKA2/UHRF1/INCENP/C2CD3/STIL/POC1B/CCP110/KPNB1/KIFC1/CEP97/RBM14	28
E2F7	GO:0051321	meiotic cell cycle	21/200	199/13057	0.105527638190955	6.88937185929648	10.4414076322508	3.10609329873257e-12	9.68918397834047e-10	9.68918397834047e-10	RAD54L/TOP3A/KNL1/FBXO5/SGO1/PSMC3IP/SMC4/BUB3/TUBGCP4/CDK2/BRIP1/ESPL1/MSH6/SMC3/SMC1A/TUBGCP3/RMI1/MKI67/SKA2/INCENP/TOP2A	21
E2F7	GO:0050000	chromosome localization	13/200	110/13057	0.118181818181818	7.7155	8.82145795667004	1.2473592620459e-08	1.74072267542878e-06	1.74072267542879e-06	CHAMP1/KNTC1/KNL1/DSN1/DLGAP5/SPC25/SGO1/BUB3/KIF14/SKA2/INCENP/KPNB1/KIFC1	13
E2F7	GO:0042770	signal transduction in response to DNA damage	14/200	179/13057	0.0782122905027933	5.10608938547486	6.89891749175476	6.39463025783828e-07	5.94924986970463e-05	5.94924986970463e-05	CLSPN/BLM/DTL/GTSE1/TOPBP1/RFWD3/CDK2/BRIP1/BARD1/MDC1/CDC7/WDR76/TTI1/PMAIP1	14
E2F7	GO:0000380	alternative mRNA splicing, via spliceosome	9/200	75/13057	0.12	7.8342	7.40282972219969	2.03380875755072e-06	0.000159094503178594	0.000159094503178594	SRSF10/HNRNPL/KHDRBS1/TRA2B/RBMX/SRSF1/DHX9/NCBP1/RBM14	9
E2F7	GO:0034501	protein localization to kinetochore	5/200	15/13057	0.333333333333333	21.7616666666667	10.0342748402041	2.1262036651402e-06	0.000161871009889921	0.000161871009889921	CHAMP1/KNTC1/MTBP/KNL1/BUB3	5
E2F7	GO:0016445	somatic diversification of immunoglobulins	7/200	50/13057	0.14	9.1399	7.19226611808179	1.0184024281693e-05	0.000635363303127273	0.000635363303127273	NHEJ1/MSH2/SMC4/MSH6/POLQ/SMC2/RNF168	7
E2F7	GO:0006405	RNA export from nucleus	8/200	83/13057	0.0963855421686747	6.29253012048193	6.0327549448853	3.88788130766647e-05	0.00190902171986623	0.00190902171986623	HNRNPA2B1/NUP107/KHDRBS1/CPSF6/NUP153/NUP188/DHX9/NCBP1	8
E2F7	GO:0120033	negative regulation of plasma membrane bounded cell projection assembly	6/200	42/13057	0.142857142857143	9.32642857142857	6.74080193349803	3.97020862181861e-05	0.00193156113041322	0.00193156113041322	KIF24/RAB3IP/MPHOSPH9/TCHP/CCP110/CEP97	6
E2F7	GO:0071103	DNA conformation change	4/200	17/13057	0.235294117647059	15.3611764705882	7.3896850733395	0.000108735303343925	0.0043355136363371	0.0043355136363371	HNRNPA2B1/BLM/TOP3A/TOP2A	4
E2F7	GO:0009314	response to radiation	14/200	290/13057	0.0482758620689655	3.15168965517241	4.62151586476187	0.000152040081757361	0.00567794756027665	0.00567794756027665	PPM1D/BLM/POLD3/DTL/NHEJ1/USP1/MSH2/TOPBP1/RFWD3/MSH6/BARD1/SMC1A/TLK2/RNF168	14
E2F7	GO:0044782	cilium organization	15/200	328/13057	0.0457317073170732	2.98559451219512	4.54234994083248	0.00016061164000636	0.00587395535830155	0.00587395535830155	IFT81/FAM161A/TTLL5/KIF24/CEP78/RAB3IP/MPHOSPH9/TCHP/DZIP1/RTTN/C2CD3/CEP83/POC1B/CCP110/CEP97	15
E2F7	GO:0031507	heterochromatin formation	10/200	173/13057	0.0578034682080925	3.77369942196532	4.58044144990354	0.000331543894288347	0.0110577186881202	0.0110577186881202	EZH2/LMNB1/PPM1D/RBBP4/H2AZ2/TFDP1/CDK2/HELLS/UHRF1/DNMT1	10
E2F7	GO:0007018	microtubule-based movement	14/200	323/13057	0.043343653250774	2.82969040247678	4.15285430524291	0.000457048025731652	0.0144269385741366	0.0144269385741366	IFT81/RIBC2/KIF23/TTLL5/KIF24/KIF11/CEP78/DLGAP5/DZIP1/KIF14/KIF4A/KIF18B/KPNB1/KIFC1	14
E2F7	GO:0070507	regulation of microtubule cytoskeleton organization	9/200	149/13057	0.0604026845637584	3.94338926174497	4.50673065848209	0.000477218745008529	0.0148864176751778	0.0148864176751778	STMN1/GPSM2/CAMSAP1/CKAP2/SKA2/CLIP1/STIL/BORA/CEP97	9
E2F7	GO:0006607	NLS-bearing protein import into nucleus	3/200	13/13057	0.230769230769231	15.0657692307692	6.32819736531563	0.00090408007324569	0.0255017905767122	0.0255017905767122	IPO5/KPNA4/KPNB1	3
E2F7	GO:0045814	negative regulation of gene expression, epigenetic	10/200	200/13057	0.05	3.26425	4.0245729036206	0.00102738787544618	0.0286749363341636	0.0286749363341636	EZH2/LMNB1/PPM1D/RBBP4/H2AZ2/TFDP1/CDK2/HELLS/UHRF1/DNMT1	10
E2F7	GO:0051382	kinetochore assembly	4/200	30/13057	0.133333333333333	8.70466666666667	5.26917377434918	0.00107148922568899	0.029749253213763	0.029749253213763	KNTC1/CENPK/DLGAP5/HJURP	4
ZNF232	GO:0022613	ribonucleoprotein complex biogenesis	34/262	464/13057	0.0732758620689655	3.65176691234535	8.32272044528116	5.48319289479227e-11	2.90773719210834e-07	2.90773719210834e-07	C1QBP/PRPF3/DDX1/ZNHIT3/RPUSD4/PELP1/DKC1/SENP3/RRP15/NOL11/NVL/RPF1/RIOK1/TSR1/GEMIN4/SNRPE/METTL16/PSIP1/EIF2D/AATF/RPF2/FTSJ3/PRPF8/MYBBP1A/NUP88/MRM3/NOA1/RPL26/MRTO4/BMS1/SCNM1/NOL10/SNRPD1/USP39	34
ZNF232	GO:0032204	regulation of telomere maintenance	16/262	103/13057	0.155339805825243	7.74149559030609	9.82898092020489	2.06386429156337e-10	5.47233616908029e-07	5.47233616908029e-07	HNRNPC/DKC1/WRAP53/CCT2/NVL/NEK2/NABP2/GNL3/NSMCE4A/CCT4/PARP1/HNRNPA1/AURKB/INO80C/HNRNPD/CCT3	16
ZNF232	GO:0006364	rRNA processing	21/262	223/13057	0.0941704035874439	4.69306473145517	7.95964878683873	4.1498229073805e-09	3.14378726826269e-06	3.14378726826269e-06	ZNHIT3/RPUSD4/PELP1/DKC1/SENP3/RRP15/NOL11/NVL/RPF1/RIOK1/TSR1/GEMIN4/METTL16/AATF/RPF2/FTSJ3/MRM3/RPL26/MRTO4/BMS1/NOL10	21
ZNF232	GO:0032200	telomere organization	18/262	173/13057	0.104046242774566	5.18523584697525	7.92963507159211	1.16120080157796e-08	6.84205316751992e-06	6.84205316751992e-06	HNRNPC/DKC1/WRAP53/CCT2/NVL/NEK2/NABP2/GNL3/NSMCE4A/RPA1/CCT4/PARP1/HNRNPA1/AURKB/RAD51/INO80C/HNRNPD/CCT3	18
ZNF232	GO:2001252	positive regulation of chromosome organization	13/262	91/13057	0.142857142857143	7.11941112322792	8.38229402286294	3.02430038768892e-08	1.45798772326494e-05	1.45798772326494e-05	DKC1/WRAP53/CCT2/NVL/NEK2/NABP2/GNL3/CCT4/HNRNPA1/AURKB/INO80C/HNRNPD/CCT3	13
ZNF232	GO:0006403	RNA localization	16/262	183/13057	0.087431693989071	4.35723522295916	6.54464561012531	8.44080175975703e-07	0.00020346168969087	0.00020346168969087	CHTOP/DKC1/WRAP53/CCT2/NCBP3/PNPT1/CCT4/HNRNPA1/FXR2/UPF3B/RBM8A/THOC1/NUP88/CCT3/SRSF3/SEH1L	16
ZNF232	GO:1904867	protein localization to Cajal body	5/262	12/13057	0.416666666666667	20.7649491094148	9.8016649514996	2.21024852176605e-06	0.000409528909322002	0.000409528909322002	DKC1/WRAP53/CCT2/CCT4/CCT3	5
ZNF232	GO:0071826	protein-RNA complex organization	16/262	224/13057	0.0714285714285714	3.55970556161396	5.52949532668838	1.16792568479341e-05	0.00176957425898841	0.00176957425898841	PRPF3/DDX1/ZNHIT3/NVL/GEMIN4/SNRPE/PSIP1/EIF2D/RPF2/PRPF8/MRM3/NOA1/MRTO4/SCNM1/SNRPD1/USP39	16
ZNF232	GO:0008608	attachment of spindle microtubules to kinetochore	7/262	54/13057	0.12962962962963	6.4602063895957	5.75333587797286	9.56808625524182e-05	0.0105254555746739	0.0105254555746739	NEK2/PMF1/AURKB/MIS12/CCNB1/BOD1/SEH1L	7
ZNF232	GO:0010608	post-transcriptional regulation of gene expression	22/262	479/13057	0.045929018789144	2.28891297072463	4.11264408820675	0.00026412877965561	0.0229776553396554	0.0229776553396554	C1QBP/DDX1/HNRNPC/PUM3/RPUSD4/MSI1/DKC1/NCBP3/PNPT1/NT5C3B/ABCF1/ILF3/FXR2/UPF3B/METTL16/RBM8A/JMJD4/HNRNPD/RPL26/ELP5/DCP1B/PCBP4	22
ZNF232	GO:0009156	ribonucleoside monophosphate biosynthetic process	5/262	32/13057	0.15625	7.78685591603054	5.50034997683738	0.000404610493324791	0.0335257725953339	0.0335257725953339	PPAT/IMPDH2/CAD/PFAS/UCK2	5
ZNF232	GO:0045815	transcription initiation-coupled chromatin remodeling	6/262	51/13057	0.117647058823529	5.86304445442299	4.97917079961179	0.000520706433827274	0.0418379730088793	0.0418379730088793	USP21/KDM1A/ASH2L/SAMD1/VPS72/DPY30	6
ZNF232	GO:0043414	macromolecule methylation	9/262	116/13057	0.0775862068965517	3.86657673071861	4.43755979846859	0.000540438545071874	0.0427753075300917	0.0427753075300917	NDUFAF7/SNRPE/METTL16/FTSJ3/MRM3/METTL2A/SNRPD1/TRMT11/EHMT2	9
ZNF232	GO:0006402	mRNA catabolic process	14/262	252/13057	0.0555555555555556	2.7686598812553	4.05686330973883	0.000573345286121567	0.0440644935116329	0.0440644935116329	HNRNPC/SUPV3L1/CPSF3/PNPT1/NT5C3B/FXR2/UPF3B/SNRPE/METTL16/RBM8A/HNRNPD/MRTO4/DCP1B/PCBP4	14
VEZF1	GO:0007178	cell surface receptor protein serine/threonine kinase signaling pathway	18/256	273/13057	0.0659340659340659	3.36289491758242	5.5795022270963	7.29180927860361e-06	0.0270398277745236	0.0270398277745236	MTMR4/WWTR1/GLCE/BMPR1B/LEMD3/LDLRAD4/CD109/SMURF2/TGFBRAP1/BECN1/SIN3A/DDX5/CRKL/BRMS1L/SPRED2/CREB1/APPL2/EP300	18
VEZF1	GO:0045722	positive regulation of gluconeogenesis	5/256	16/13057	0.3125	15.938720703125	8.45514492770917	1.01979361774556e-05	0.0270398277745236	0.0270398277745236	ARPP19/TOX4/CREB1/CRY1/CTDSPL2	5
